-- phpMyAdmin SQL Dump
-- version 5.2.1
-- https://www.phpmyadmin.net/
--
-- Host: 127.0.0.1
-- Generation Time: Jan 16, 2026 at 07:13 AM
-- Server version: 10.4.32-MariaDB
-- PHP Version: 8.2.12

SET SQL_MODE = "NO_AUTO_VALUE_ON_ZERO";
START TRANSACTION;
SET time_zone = "+00:00";


/*!40101 SET @OLD_CHARACTER_SET_CLIENT=@@CHARACTER_SET_CLIENT */;
/*!40101 SET @OLD_CHARACTER_SET_RESULTS=@@CHARACTER_SET_RESULTS */;
/*!40101 SET @OLD_COLLATION_CONNECTION=@@COLLATION_CONNECTION */;
/*!40101 SET NAMES utf8mb4 */;

--
-- Database: `campusflow`
--

-- --------------------------------------------------------

--
-- Table structure for table `classe`
--

CREATE TABLE `classe` (
  `id` int(11) NOT NULL,
  `supervisor_id` int(11) DEFAULT NULL,
  `name` varchar(50) NOT NULL,
  `level` varchar(20) NOT NULL,
  `field` varchar(100) NOT NULL,
  `max_capacity` int(11) NOT NULL,
  `academic_year` varchar(20) NOT NULL
) ENGINE=InnoDB DEFAULT CHARSET=utf8mb4 COLLATE=utf8mb4_unicode_ci;

--
-- Dumping data for table `classe`
--

INSERT INTO `classe` (`id`, `supervisor_id`, `name`, `level`, `field`, `max_capacity`, `academic_year`) VALUES
(23, 36, 'L1-INFO-A', 'L1', 'Informatique', 30, '2025-2026'),
(24, 37, 'L1-INFO-B', 'L1', 'Informatique', 35, '2025-2026'),
(25, 38, 'L2-INFO-A', 'L2', 'Informatique', 30, '2025-2026'),
(26, 39, 'L2-INFO-B', 'L2', 'Informatique', 30, '2025-2026'),
(27, 40, 'L3-INFO-A', 'L3', 'Informatique', 28, '2025-2026'),
(28, 41, 'L3-INFO-B', 'L3', 'Informatique', 28, '2025-2026');

-- --------------------------------------------------------

--
-- Table structure for table `doctrine_migration_versions`
--

CREATE TABLE `doctrine_migration_versions` (
  `version` varchar(191) NOT NULL,
  `executed_at` datetime DEFAULT NULL,
  `execution_time` int(11) DEFAULT NULL
) ENGINE=InnoDB DEFAULT CHARSET=utf8 COLLATE=utf8_unicode_ci;

--
-- Dumping data for table `doctrine_migration_versions`
--

INSERT INTO `doctrine_migration_versions` (`version`, `executed_at`, `execution_time`) VALUES
('DoctrineMigrations\\Version20251225214758', '2025-12-25 21:48:09', 158),
('DoctrineMigrations\\Version20251227110913', '2025-12-27 12:09:19', 275),
('DoctrineMigrations\\Version20260103115859', '2026-01-03 13:07:53', 210);

-- --------------------------------------------------------

--
-- Table structure for table `grade`
--

CREATE TABLE `grade` (
  `id` int(11) NOT NULL,
  `student_id` int(11) NOT NULL,
  `subject_id` int(11) NOT NULL,
  `value` decimal(4,2) NOT NULL,
  `type` varchar(20) NOT NULL,
  `semester` int(11) NOT NULL,
  `created_at` datetime NOT NULL COMMENT '(DC2Type:datetime_immutable)',
  `teacher_id` int(11) NOT NULL,
  `classe_id` int(11) NOT NULL
) ENGINE=InnoDB DEFAULT CHARSET=utf8mb4 COLLATE=utf8mb4_unicode_ci;

--
-- Dumping data for table `grade`
--

INSERT INTO `grade` (`id`, `student_id`, `subject_id`, `value`, `type`, `semester`, `created_at`, `teacher_id`, `classe_id`) VALUES
(1621, 287, 66, 10.25, 'control', 1, '2026-01-14 19:27:01', 36, 23),
(1622, 287, 66, 11.25, 'tp', 1, '2026-01-14 19:27:01', 36, 23),
(1623, 287, 66, 12.25, 'exam', 2, '2026-01-14 19:27:01', 36, 23),
(1624, 287, 67, 10.25, 'control', 1, '2026-01-14 19:27:01', 36, 23),
(1625, 287, 67, 11.25, 'tp', 1, '2026-01-14 19:27:01', 36, 23),
(1626, 287, 67, 12.25, 'exam', 2, '2026-01-14 19:27:01', 36, 23),
(1627, 288, 66, 10.25, 'control', 1, '2026-01-14 19:27:01', 36, 23),
(1628, 288, 66, 11.25, 'tp', 1, '2026-01-14 19:27:01', 36, 23),
(1629, 288, 66, 12.25, 'exam', 2, '2026-01-14 19:27:01', 36, 23),
(1630, 288, 67, 10.25, 'control', 1, '2026-01-14 19:27:01', 36, 23),
(1631, 288, 67, 11.25, 'tp', 1, '2026-01-14 19:27:01', 36, 23),
(1632, 288, 67, 12.25, 'exam', 2, '2026-01-14 19:27:01', 36, 23),
(1633, 289, 66, 10.25, 'control', 1, '2026-01-14 19:27:01', 36, 23),
(1634, 289, 66, 11.25, 'tp', 1, '2026-01-14 19:27:01', 36, 23),
(1635, 289, 66, 12.25, 'exam', 2, '2026-01-14 19:27:01', 36, 23),
(1636, 289, 67, 10.25, 'control', 1, '2026-01-14 19:27:01', 36, 23),
(1637, 289, 67, 11.25, 'tp', 1, '2026-01-14 19:27:01', 36, 23),
(1638, 289, 67, 12.25, 'exam', 2, '2026-01-14 19:27:01', 36, 23),
(1639, 290, 66, 10.25, 'control', 1, '2026-01-14 19:27:01', 36, 23),
(1640, 290, 66, 11.25, 'tp', 1, '2026-01-14 19:27:01', 36, 23),
(1641, 290, 66, 12.25, 'exam', 2, '2026-01-14 19:27:01', 36, 23),
(1642, 290, 67, 10.25, 'control', 1, '2026-01-14 19:27:01', 36, 23),
(1643, 290, 67, 11.25, 'tp', 1, '2026-01-14 19:27:01', 36, 23),
(1644, 290, 67, 12.25, 'exam', 2, '2026-01-14 19:27:01', 36, 23),
(1645, 291, 66, 10.25, 'control', 1, '2026-01-14 19:27:01', 36, 23),
(1646, 291, 66, 11.25, 'tp', 1, '2026-01-14 19:27:01', 36, 23),
(1647, 291, 66, 12.25, 'exam', 2, '2026-01-14 19:27:01', 36, 23),
(1648, 291, 67, 10.25, 'control', 1, '2026-01-14 19:27:01', 36, 23),
(1649, 291, 67, 11.25, 'tp', 1, '2026-01-14 19:27:01', 36, 23),
(1650, 291, 67, 12.25, 'exam', 2, '2026-01-14 19:27:01', 36, 23),
(1651, 292, 66, 10.25, 'control', 1, '2026-01-14 19:27:01', 36, 23),
(1652, 292, 66, 11.25, 'tp', 1, '2026-01-14 19:27:01', 36, 23),
(1653, 292, 66, 12.25, 'exam', 2, '2026-01-14 19:27:01', 36, 23),
(1654, 292, 67, 10.25, 'control', 1, '2026-01-14 19:27:01', 36, 23),
(1655, 292, 67, 11.25, 'tp', 1, '2026-01-14 19:27:01', 36, 23),
(1656, 292, 67, 12.25, 'exam', 2, '2026-01-14 19:27:01', 36, 23),
(1657, 293, 66, 10.25, 'control', 1, '2026-01-14 19:27:01', 36, 23),
(1658, 293, 66, 11.25, 'tp', 1, '2026-01-14 19:27:01', 36, 23),
(1659, 293, 66, 12.25, 'exam', 2, '2026-01-14 19:27:01', 36, 23),
(1660, 293, 67, 10.25, 'control', 1, '2026-01-14 19:27:01', 36, 23),
(1661, 293, 67, 11.25, 'tp', 1, '2026-01-14 19:27:01', 36, 23),
(1662, 293, 67, 12.25, 'exam', 2, '2026-01-14 19:27:01', 36, 23),
(1663, 294, 66, 10.25, 'control', 1, '2026-01-14 19:27:01', 36, 23),
(1664, 294, 66, 11.25, 'tp', 1, '2026-01-14 19:27:01', 36, 23),
(1665, 294, 66, 12.25, 'exam', 2, '2026-01-14 19:27:01', 36, 23),
(1666, 294, 67, 10.25, 'control', 1, '2026-01-14 19:27:01', 36, 23),
(1667, 294, 67, 11.25, 'tp', 1, '2026-01-14 19:27:01', 36, 23),
(1668, 294, 67, 12.25, 'exam', 2, '2026-01-14 19:27:01', 36, 23),
(1669, 295, 66, 10.25, 'control', 1, '2026-01-14 19:27:01', 36, 23),
(1670, 295, 66, 11.25, 'tp', 1, '2026-01-14 19:27:01', 36, 23),
(1671, 295, 66, 12.25, 'exam', 2, '2026-01-14 19:27:01', 36, 23),
(1672, 295, 67, 10.25, 'control', 1, '2026-01-14 19:27:01', 36, 23),
(1673, 295, 67, 11.25, 'tp', 1, '2026-01-14 19:27:01', 36, 23),
(1674, 295, 67, 12.25, 'exam', 2, '2026-01-14 19:27:01', 36, 23),
(1675, 296, 66, 10.25, 'control', 1, '2026-01-14 19:27:01', 36, 23),
(1676, 296, 66, 11.25, 'tp', 1, '2026-01-14 19:27:01', 36, 23),
(1677, 296, 66, 12.25, 'exam', 2, '2026-01-14 19:27:01', 36, 23),
(1678, 296, 67, 10.25, 'control', 1, '2026-01-14 19:27:01', 36, 23),
(1679, 296, 67, 11.25, 'tp', 1, '2026-01-14 19:27:01', 36, 23),
(1680, 296, 67, 12.25, 'exam', 2, '2026-01-14 19:27:01', 36, 23),
(1681, 297, 66, 10.25, 'control', 1, '2026-01-14 19:27:01', 36, 23),
(1682, 297, 66, 11.25, 'tp', 1, '2026-01-14 19:27:01', 36, 23),
(1683, 297, 66, 12.25, 'exam', 2, '2026-01-14 19:27:01', 36, 23),
(1684, 297, 67, 10.25, 'control', 1, '2026-01-14 19:27:01', 36, 23),
(1685, 297, 67, 11.25, 'tp', 1, '2026-01-14 19:27:01', 36, 23),
(1686, 297, 67, 12.25, 'exam', 2, '2026-01-14 19:27:01', 36, 23),
(1687, 298, 66, 10.25, 'control', 1, '2026-01-14 19:27:01', 36, 23),
(1688, 298, 66, 11.25, 'tp', 1, '2026-01-14 19:27:01', 36, 23),
(1689, 298, 66, 12.25, 'exam', 2, '2026-01-14 19:27:01', 36, 23),
(1690, 298, 67, 10.25, 'control', 1, '2026-01-14 19:27:01', 36, 23),
(1691, 298, 67, 11.25, 'tp', 1, '2026-01-14 19:27:01', 36, 23),
(1692, 298, 67, 12.25, 'exam', 2, '2026-01-14 19:27:01', 36, 23),
(1693, 299, 66, 10.25, 'control', 1, '2026-01-14 19:27:01', 36, 23),
(1694, 299, 66, 11.25, 'tp', 1, '2026-01-14 19:27:01', 36, 23),
(1695, 299, 66, 12.25, 'exam', 2, '2026-01-14 19:27:01', 36, 23),
(1696, 299, 67, 10.25, 'control', 1, '2026-01-14 19:27:01', 36, 23),
(1697, 299, 67, 11.25, 'tp', 1, '2026-01-14 19:27:01', 36, 23),
(1698, 299, 67, 12.25, 'exam', 2, '2026-01-14 19:27:01', 36, 23),
(1699, 300, 66, 10.25, 'control', 1, '2026-01-14 19:27:01', 36, 23),
(1700, 300, 66, 11.25, 'tp', 1, '2026-01-14 19:27:01', 36, 23),
(1701, 300, 66, 12.25, 'exam', 2, '2026-01-14 19:27:01', 36, 23),
(1702, 300, 67, 10.25, 'control', 1, '2026-01-14 19:27:01', 36, 23),
(1703, 300, 67, 11.25, 'tp', 1, '2026-01-14 19:27:01', 36, 23),
(1704, 300, 67, 12.25, 'exam', 2, '2026-01-14 19:27:01', 36, 23),
(1705, 301, 66, 10.25, 'control', 1, '2026-01-14 19:27:01', 36, 23),
(1706, 301, 66, 11.25, 'tp', 1, '2026-01-14 19:27:01', 36, 23),
(1707, 301, 66, 12.25, 'exam', 2, '2026-01-14 19:27:01', 36, 23),
(1708, 301, 67, 10.25, 'control', 1, '2026-01-14 19:27:01', 36, 23),
(1709, 301, 67, 11.25, 'tp', 1, '2026-01-14 19:27:01', 36, 23),
(1710, 301, 67, 12.25, 'exam', 2, '2026-01-14 19:27:01', 36, 23),
(1711, 302, 68, 10.25, 'control', 1, '2026-01-14 19:27:01', 37, 24),
(1712, 302, 68, 11.25, 'tp', 1, '2026-01-14 19:27:01', 37, 24),
(1713, 302, 68, 12.25, 'exam', 2, '2026-01-14 19:27:01', 37, 24),
(1714, 302, 69, 10.25, 'control', 1, '2026-01-14 19:27:01', 37, 24),
(1715, 302, 69, 11.25, 'tp', 1, '2026-01-14 19:27:01', 37, 24),
(1716, 302, 69, 12.25, 'exam', 2, '2026-01-14 19:27:01', 37, 24),
(1717, 303, 68, 10.25, 'control', 1, '2026-01-14 19:27:01', 37, 24),
(1718, 303, 68, 11.25, 'tp', 1, '2026-01-14 19:27:01', 37, 24),
(1719, 303, 68, 12.25, 'exam', 2, '2026-01-14 19:27:01', 37, 24),
(1720, 303, 69, 10.25, 'control', 1, '2026-01-14 19:27:01', 37, 24),
(1721, 303, 69, 11.25, 'tp', 1, '2026-01-14 19:27:01', 37, 24),
(1722, 303, 69, 12.25, 'exam', 2, '2026-01-14 19:27:01', 37, 24),
(1723, 304, 68, 10.25, 'control', 1, '2026-01-14 19:27:01', 37, 24),
(1724, 304, 68, 11.25, 'tp', 1, '2026-01-14 19:27:01', 37, 24),
(1725, 304, 68, 12.25, 'exam', 2, '2026-01-14 19:27:01', 37, 24),
(1726, 304, 69, 10.25, 'control', 1, '2026-01-14 19:27:01', 37, 24),
(1727, 304, 69, 11.25, 'tp', 1, '2026-01-14 19:27:01', 37, 24),
(1728, 304, 69, 12.25, 'exam', 2, '2026-01-14 19:27:01', 37, 24),
(1729, 305, 68, 10.25, 'control', 1, '2026-01-14 19:27:01', 37, 24),
(1730, 305, 68, 11.25, 'tp', 1, '2026-01-14 19:27:01', 37, 24),
(1731, 305, 68, 12.25, 'exam', 2, '2026-01-14 19:27:01', 37, 24),
(1732, 305, 69, 10.25, 'control', 1, '2026-01-14 19:27:01', 37, 24),
(1733, 305, 69, 11.25, 'tp', 1, '2026-01-14 19:27:01', 37, 24),
(1734, 305, 69, 12.25, 'exam', 2, '2026-01-14 19:27:01', 37, 24),
(1735, 306, 68, 10.25, 'control', 1, '2026-01-14 19:27:01', 37, 24),
(1736, 306, 68, 11.25, 'tp', 1, '2026-01-14 19:27:01', 37, 24),
(1737, 306, 68, 12.25, 'exam', 2, '2026-01-14 19:27:01', 37, 24),
(1738, 306, 69, 10.25, 'control', 1, '2026-01-14 19:27:01', 37, 24),
(1739, 306, 69, 11.25, 'tp', 1, '2026-01-14 19:27:01', 37, 24),
(1740, 306, 69, 12.25, 'exam', 2, '2026-01-14 19:27:01', 37, 24),
(1741, 307, 68, 10.25, 'control', 1, '2026-01-14 19:27:01', 37, 24),
(1742, 307, 68, 11.25, 'tp', 1, '2026-01-14 19:27:01', 37, 24),
(1743, 307, 68, 12.25, 'exam', 2, '2026-01-14 19:27:01', 37, 24),
(1744, 307, 69, 10.25, 'control', 1, '2026-01-14 19:27:01', 37, 24),
(1745, 307, 69, 11.25, 'tp', 1, '2026-01-14 19:27:01', 37, 24),
(1746, 307, 69, 12.25, 'exam', 2, '2026-01-14 19:27:01', 37, 24),
(1747, 308, 68, 10.25, 'control', 1, '2026-01-14 19:27:01', 37, 24),
(1748, 308, 68, 11.25, 'tp', 1, '2026-01-14 19:27:01', 37, 24),
(1749, 308, 68, 12.25, 'exam', 2, '2026-01-14 19:27:01', 37, 24),
(1750, 308, 69, 10.25, 'control', 1, '2026-01-14 19:27:01', 37, 24),
(1751, 308, 69, 11.25, 'tp', 1, '2026-01-14 19:27:01', 37, 24),
(1752, 308, 69, 12.25, 'exam', 2, '2026-01-14 19:27:01', 37, 24),
(1753, 309, 68, 10.25, 'control', 1, '2026-01-14 19:27:01', 37, 24),
(1754, 309, 68, 11.25, 'tp', 1, '2026-01-14 19:27:01', 37, 24),
(1755, 309, 68, 12.25, 'exam', 2, '2026-01-14 19:27:01', 37, 24),
(1756, 309, 69, 10.25, 'control', 1, '2026-01-14 19:27:01', 37, 24),
(1757, 309, 69, 11.25, 'tp', 1, '2026-01-14 19:27:01', 37, 24),
(1758, 309, 69, 12.25, 'exam', 2, '2026-01-14 19:27:01', 37, 24),
(1759, 310, 68, 10.25, 'control', 1, '2026-01-14 19:27:01', 37, 24),
(1760, 310, 68, 11.25, 'tp', 1, '2026-01-14 19:27:01', 37, 24),
(1761, 310, 68, 12.25, 'exam', 2, '2026-01-14 19:27:01', 37, 24),
(1762, 310, 69, 10.25, 'control', 1, '2026-01-14 19:27:01', 37, 24),
(1763, 310, 69, 11.25, 'tp', 1, '2026-01-14 19:27:01', 37, 24),
(1764, 310, 69, 12.25, 'exam', 2, '2026-01-14 19:27:01', 37, 24),
(1765, 311, 68, 10.25, 'control', 1, '2026-01-14 19:27:01', 37, 24),
(1766, 311, 68, 11.25, 'tp', 1, '2026-01-14 19:27:01', 37, 24),
(1767, 311, 68, 12.25, 'exam', 2, '2026-01-14 19:27:01', 37, 24),
(1768, 311, 69, 10.25, 'control', 1, '2026-01-14 19:27:01', 37, 24),
(1769, 311, 69, 11.25, 'tp', 1, '2026-01-14 19:27:01', 37, 24),
(1770, 311, 69, 12.25, 'exam', 2, '2026-01-14 19:27:01', 37, 24),
(1771, 312, 68, 10.25, 'control', 1, '2026-01-14 19:27:01', 37, 24),
(1772, 312, 68, 11.25, 'tp', 1, '2026-01-14 19:27:01', 37, 24),
(1773, 312, 68, 12.25, 'exam', 2, '2026-01-14 19:27:01', 37, 24),
(1774, 312, 69, 10.25, 'control', 1, '2026-01-14 19:27:01', 37, 24),
(1775, 312, 69, 11.25, 'tp', 1, '2026-01-14 19:27:01', 37, 24),
(1776, 312, 69, 12.25, 'exam', 2, '2026-01-14 19:27:01', 37, 24),
(1777, 313, 68, 10.25, 'control', 1, '2026-01-14 19:27:01', 37, 24),
(1778, 313, 68, 11.25, 'tp', 1, '2026-01-14 19:27:01', 37, 24),
(1779, 313, 68, 12.25, 'exam', 2, '2026-01-14 19:27:01', 37, 24),
(1780, 313, 69, 10.25, 'control', 1, '2026-01-14 19:27:01', 37, 24),
(1781, 313, 69, 11.25, 'tp', 1, '2026-01-14 19:27:01', 37, 24),
(1782, 313, 69, 12.25, 'exam', 2, '2026-01-14 19:27:01', 37, 24),
(1783, 314, 68, 10.25, 'control', 1, '2026-01-14 19:27:01', 37, 24),
(1784, 314, 68, 11.25, 'tp', 1, '2026-01-14 19:27:01', 37, 24),
(1785, 314, 68, 12.25, 'exam', 2, '2026-01-14 19:27:01', 37, 24),
(1786, 314, 69, 10.25, 'control', 1, '2026-01-14 19:27:01', 37, 24),
(1787, 314, 69, 11.25, 'tp', 1, '2026-01-14 19:27:01', 37, 24),
(1788, 314, 69, 12.25, 'exam', 2, '2026-01-14 19:27:01', 37, 24),
(1789, 315, 68, 10.25, 'control', 1, '2026-01-14 19:27:01', 37, 24),
(1790, 315, 68, 11.25, 'tp', 1, '2026-01-14 19:27:01', 37, 24),
(1791, 315, 68, 12.25, 'exam', 2, '2026-01-14 19:27:01', 37, 24),
(1792, 315, 69, 10.25, 'control', 1, '2026-01-14 19:27:01', 37, 24),
(1793, 315, 69, 11.25, 'tp', 1, '2026-01-14 19:27:01', 37, 24),
(1794, 315, 69, 12.25, 'exam', 2, '2026-01-14 19:27:01', 37, 24),
(1795, 316, 68, 10.25, 'control', 1, '2026-01-14 19:27:01', 37, 24),
(1796, 316, 68, 11.25, 'tp', 1, '2026-01-14 19:27:01', 37, 24),
(1797, 316, 68, 12.25, 'exam', 2, '2026-01-14 19:27:01', 37, 24),
(1798, 316, 69, 10.25, 'control', 1, '2026-01-14 19:27:01', 37, 24),
(1799, 316, 69, 11.25, 'tp', 1, '2026-01-14 19:27:01', 37, 24),
(1800, 316, 69, 12.25, 'exam', 2, '2026-01-14 19:27:01', 37, 24),
(1801, 317, 70, 10.25, 'control', 1, '2026-01-14 19:27:01', 38, 25),
(1802, 317, 70, 11.25, 'tp', 1, '2026-01-14 19:27:01', 38, 25),
(1803, 317, 70, 12.25, 'exam', 2, '2026-01-14 19:27:01', 38, 25),
(1804, 317, 71, 10.25, 'control', 1, '2026-01-14 19:27:01', 38, 25),
(1805, 317, 71, 11.25, 'tp', 1, '2026-01-14 19:27:01', 38, 25),
(1806, 317, 71, 12.25, 'exam', 2, '2026-01-14 19:27:01', 38, 25),
(1807, 318, 70, 10.25, 'control', 1, '2026-01-14 19:27:01', 38, 25),
(1808, 318, 70, 11.25, 'tp', 1, '2026-01-14 19:27:01', 38, 25),
(1809, 318, 70, 12.25, 'exam', 2, '2026-01-14 19:27:01', 38, 25),
(1810, 318, 71, 10.25, 'control', 1, '2026-01-14 19:27:01', 38, 25),
(1811, 318, 71, 11.25, 'tp', 1, '2026-01-14 19:27:01', 38, 25),
(1812, 318, 71, 12.25, 'exam', 2, '2026-01-14 19:27:01', 38, 25),
(1813, 319, 70, 10.25, 'control', 1, '2026-01-14 19:27:01', 38, 25),
(1814, 319, 70, 11.25, 'tp', 1, '2026-01-14 19:27:01', 38, 25),
(1815, 319, 70, 12.25, 'exam', 2, '2026-01-14 19:27:01', 38, 25),
(1816, 319, 71, 10.25, 'control', 1, '2026-01-14 19:27:01', 38, 25),
(1817, 319, 71, 11.25, 'tp', 1, '2026-01-14 19:27:01', 38, 25),
(1818, 319, 71, 12.25, 'exam', 2, '2026-01-14 19:27:01', 38, 25),
(1819, 320, 70, 10.25, 'control', 1, '2026-01-14 19:27:01', 38, 25),
(1820, 320, 70, 11.25, 'tp', 1, '2026-01-14 19:27:01', 38, 25),
(1821, 320, 70, 12.25, 'exam', 2, '2026-01-14 19:27:01', 38, 25),
(1822, 320, 71, 10.25, 'control', 1, '2026-01-14 19:27:01', 38, 25),
(1823, 320, 71, 11.25, 'tp', 1, '2026-01-14 19:27:01', 38, 25),
(1824, 320, 71, 12.25, 'exam', 2, '2026-01-14 19:27:01', 38, 25),
(1825, 321, 70, 10.25, 'control', 1, '2026-01-14 19:27:01', 38, 25),
(1826, 321, 70, 11.25, 'tp', 1, '2026-01-14 19:27:01', 38, 25),
(1827, 321, 70, 12.25, 'exam', 2, '2026-01-14 19:27:01', 38, 25),
(1828, 321, 71, 10.25, 'control', 1, '2026-01-14 19:27:01', 38, 25),
(1829, 321, 71, 11.25, 'tp', 1, '2026-01-14 19:27:01', 38, 25),
(1830, 321, 71, 12.25, 'exam', 2, '2026-01-14 19:27:01', 38, 25),
(1831, 322, 70, 10.25, 'control', 1, '2026-01-14 19:27:01', 38, 25),
(1832, 322, 70, 11.25, 'tp', 1, '2026-01-14 19:27:01', 38, 25),
(1833, 322, 70, 12.25, 'exam', 2, '2026-01-14 19:27:01', 38, 25),
(1834, 322, 71, 10.25, 'control', 1, '2026-01-14 19:27:01', 38, 25),
(1835, 322, 71, 11.25, 'tp', 1, '2026-01-14 19:27:01', 38, 25),
(1836, 322, 71, 12.25, 'exam', 2, '2026-01-14 19:27:01', 38, 25),
(1837, 323, 70, 10.25, 'control', 1, '2026-01-14 19:27:01', 38, 25),
(1838, 323, 70, 11.25, 'tp', 1, '2026-01-14 19:27:01', 38, 25),
(1839, 323, 70, 12.25, 'exam', 2, '2026-01-14 19:27:01', 38, 25),
(1840, 323, 71, 10.25, 'control', 1, '2026-01-14 19:27:01', 38, 25),
(1841, 323, 71, 11.25, 'tp', 1, '2026-01-14 19:27:01', 38, 25),
(1842, 323, 71, 12.25, 'exam', 2, '2026-01-14 19:27:01', 38, 25),
(1843, 324, 70, 10.25, 'control', 1, '2026-01-14 19:27:01', 38, 25),
(1844, 324, 70, 11.25, 'tp', 1, '2026-01-14 19:27:01', 38, 25),
(1845, 324, 70, 12.25, 'exam', 2, '2026-01-14 19:27:01', 38, 25),
(1846, 324, 71, 10.25, 'control', 1, '2026-01-14 19:27:01', 38, 25),
(1847, 324, 71, 11.25, 'tp', 1, '2026-01-14 19:27:01', 38, 25),
(1848, 324, 71, 12.25, 'exam', 2, '2026-01-14 19:27:01', 38, 25),
(1849, 325, 70, 10.25, 'control', 1, '2026-01-14 19:27:01', 38, 25),
(1850, 325, 70, 11.25, 'tp', 1, '2026-01-14 19:27:01', 38, 25),
(1851, 325, 70, 12.25, 'exam', 2, '2026-01-14 19:27:01', 38, 25),
(1852, 325, 71, 10.25, 'control', 1, '2026-01-14 19:27:01', 38, 25),
(1853, 325, 71, 11.25, 'tp', 1, '2026-01-14 19:27:01', 38, 25),
(1854, 325, 71, 12.25, 'exam', 2, '2026-01-14 19:27:01', 38, 25),
(1855, 326, 70, 10.25, 'control', 1, '2026-01-14 19:27:01', 38, 25),
(1856, 326, 70, 11.25, 'tp', 1, '2026-01-14 19:27:01', 38, 25),
(1857, 326, 70, 12.25, 'exam', 2, '2026-01-14 19:27:01', 38, 25),
(1858, 326, 71, 10.25, 'control', 1, '2026-01-14 19:27:01', 38, 25),
(1859, 326, 71, 11.25, 'tp', 1, '2026-01-14 19:27:01', 38, 25),
(1860, 326, 71, 12.25, 'exam', 2, '2026-01-14 19:27:01', 38, 25),
(1861, 327, 70, 10.25, 'control', 1, '2026-01-14 19:27:01', 38, 25),
(1862, 327, 70, 11.25, 'tp', 1, '2026-01-14 19:27:01', 38, 25),
(1863, 327, 70, 12.25, 'exam', 2, '2026-01-14 19:27:01', 38, 25),
(1864, 327, 71, 10.25, 'control', 1, '2026-01-14 19:27:01', 38, 25),
(1865, 327, 71, 11.25, 'tp', 1, '2026-01-14 19:27:01', 38, 25),
(1866, 327, 71, 12.25, 'exam', 2, '2026-01-14 19:27:01', 38, 25),
(1867, 328, 70, 10.25, 'control', 1, '2026-01-14 19:27:01', 38, 25),
(1868, 328, 70, 11.25, 'tp', 1, '2026-01-14 19:27:01', 38, 25),
(1869, 328, 70, 12.25, 'exam', 2, '2026-01-14 19:27:01', 38, 25),
(1870, 328, 71, 10.25, 'control', 1, '2026-01-14 19:27:01', 38, 25),
(1871, 328, 71, 11.25, 'tp', 1, '2026-01-14 19:27:01', 38, 25),
(1872, 328, 71, 12.25, 'exam', 2, '2026-01-14 19:27:01', 38, 25),
(1873, 329, 70, 10.25, 'control', 1, '2026-01-14 19:27:01', 38, 25),
(1874, 329, 70, 11.25, 'tp', 1, '2026-01-14 19:27:01', 38, 25),
(1875, 329, 70, 12.25, 'exam', 2, '2026-01-14 19:27:01', 38, 25),
(1876, 329, 71, 10.25, 'control', 1, '2026-01-14 19:27:01', 38, 25),
(1877, 329, 71, 11.25, 'tp', 1, '2026-01-14 19:27:01', 38, 25),
(1878, 329, 71, 12.25, 'exam', 2, '2026-01-14 19:27:01', 38, 25),
(1879, 330, 70, 10.25, 'control', 1, '2026-01-14 19:27:01', 38, 25),
(1880, 330, 70, 11.25, 'tp', 1, '2026-01-14 19:27:01', 38, 25),
(1881, 330, 70, 12.25, 'exam', 2, '2026-01-14 19:27:01', 38, 25),
(1882, 330, 71, 10.25, 'control', 1, '2026-01-14 19:27:01', 38, 25),
(1883, 330, 71, 11.25, 'tp', 1, '2026-01-14 19:27:01', 38, 25),
(1884, 330, 71, 12.25, 'exam', 2, '2026-01-14 19:27:01', 38, 25),
(1885, 331, 70, 10.25, 'control', 1, '2026-01-14 19:27:01', 38, 25),
(1886, 331, 70, 11.25, 'tp', 1, '2026-01-14 19:27:01', 38, 25),
(1887, 331, 70, 12.25, 'exam', 2, '2026-01-14 19:27:01', 38, 25),
(1888, 331, 71, 10.25, 'control', 1, '2026-01-14 19:27:01', 38, 25),
(1889, 331, 71, 11.25, 'tp', 1, '2026-01-14 19:27:01', 38, 25),
(1890, 331, 71, 12.25, 'exam', 2, '2026-01-14 19:27:01', 38, 25),
(1891, 332, 72, 10.25, 'control', 1, '2026-01-14 19:27:01', 39, 26),
(1892, 332, 72, 11.25, 'tp', 1, '2026-01-14 19:27:01', 39, 26),
(1893, 332, 72, 12.25, 'exam', 2, '2026-01-14 19:27:01', 39, 26),
(1894, 332, 73, 10.25, 'control', 1, '2026-01-14 19:27:01', 39, 26),
(1895, 332, 73, 11.25, 'tp', 1, '2026-01-14 19:27:01', 39, 26),
(1896, 332, 73, 12.25, 'exam', 2, '2026-01-14 19:27:01', 39, 26),
(1897, 333, 72, 10.25, 'control', 1, '2026-01-14 19:27:01', 39, 26),
(1898, 333, 72, 11.25, 'tp', 1, '2026-01-14 19:27:01', 39, 26),
(1899, 333, 72, 12.25, 'exam', 2, '2026-01-14 19:27:01', 39, 26),
(1900, 333, 73, 10.25, 'control', 1, '2026-01-14 19:27:01', 39, 26),
(1901, 333, 73, 11.25, 'tp', 1, '2026-01-14 19:27:01', 39, 26),
(1902, 333, 73, 12.25, 'exam', 2, '2026-01-14 19:27:01', 39, 26),
(1903, 334, 72, 10.25, 'control', 1, '2026-01-14 19:27:01', 39, 26),
(1904, 334, 72, 11.25, 'tp', 1, '2026-01-14 19:27:01', 39, 26),
(1905, 334, 72, 12.25, 'exam', 2, '2026-01-14 19:27:01', 39, 26),
(1906, 334, 73, 10.25, 'control', 1, '2026-01-14 19:27:01', 39, 26),
(1907, 334, 73, 11.25, 'tp', 1, '2026-01-14 19:27:01', 39, 26),
(1908, 334, 73, 12.25, 'exam', 2, '2026-01-14 19:27:01', 39, 26),
(1909, 335, 72, 10.25, 'control', 1, '2026-01-14 19:27:01', 39, 26),
(1910, 335, 72, 11.25, 'tp', 1, '2026-01-14 19:27:01', 39, 26),
(1911, 335, 72, 12.25, 'exam', 2, '2026-01-14 19:27:01', 39, 26),
(1912, 335, 73, 10.25, 'control', 1, '2026-01-14 19:27:01', 39, 26),
(1913, 335, 73, 11.25, 'tp', 1, '2026-01-14 19:27:01', 39, 26),
(1914, 335, 73, 12.25, 'exam', 2, '2026-01-14 19:27:01', 39, 26),
(1915, 336, 72, 10.25, 'control', 1, '2026-01-14 19:27:01', 39, 26),
(1916, 336, 72, 11.25, 'tp', 1, '2026-01-14 19:27:01', 39, 26),
(1917, 336, 72, 12.25, 'exam', 2, '2026-01-14 19:27:01', 39, 26),
(1918, 336, 73, 10.25, 'control', 1, '2026-01-14 19:27:01', 39, 26),
(1919, 336, 73, 11.25, 'tp', 1, '2026-01-14 19:27:01', 39, 26),
(1920, 336, 73, 12.25, 'exam', 2, '2026-01-14 19:27:01', 39, 26),
(1921, 337, 72, 10.25, 'control', 1, '2026-01-14 19:27:01', 39, 26),
(1922, 337, 72, 11.25, 'tp', 1, '2026-01-14 19:27:01', 39, 26),
(1923, 337, 72, 12.25, 'exam', 2, '2026-01-14 19:27:01', 39, 26),
(1924, 337, 73, 10.25, 'control', 1, '2026-01-14 19:27:01', 39, 26),
(1925, 337, 73, 11.25, 'tp', 1, '2026-01-14 19:27:01', 39, 26),
(1926, 337, 73, 12.25, 'exam', 2, '2026-01-14 19:27:01', 39, 26),
(1927, 338, 72, 10.25, 'control', 1, '2026-01-14 19:27:01', 39, 26),
(1928, 338, 72, 11.25, 'tp', 1, '2026-01-14 19:27:01', 39, 26),
(1929, 338, 72, 12.25, 'exam', 2, '2026-01-14 19:27:01', 39, 26),
(1930, 338, 73, 10.25, 'control', 1, '2026-01-14 19:27:01', 39, 26),
(1931, 338, 73, 11.25, 'tp', 1, '2026-01-14 19:27:01', 39, 26),
(1932, 338, 73, 12.25, 'exam', 2, '2026-01-14 19:27:01', 39, 26),
(1933, 339, 72, 10.25, 'control', 1, '2026-01-14 19:27:01', 39, 26),
(1934, 339, 72, 11.25, 'tp', 1, '2026-01-14 19:27:01', 39, 26),
(1935, 339, 72, 12.25, 'exam', 2, '2026-01-14 19:27:01', 39, 26),
(1936, 339, 73, 10.25, 'control', 1, '2026-01-14 19:27:01', 39, 26),
(1937, 339, 73, 11.25, 'tp', 1, '2026-01-14 19:27:01', 39, 26),
(1938, 339, 73, 12.25, 'exam', 2, '2026-01-14 19:27:01', 39, 26),
(1939, 340, 72, 10.25, 'control', 1, '2026-01-14 19:27:01', 39, 26),
(1940, 340, 72, 11.25, 'tp', 1, '2026-01-14 19:27:01', 39, 26),
(1941, 340, 72, 12.25, 'exam', 2, '2026-01-14 19:27:01', 39, 26),
(1942, 340, 73, 10.25, 'control', 1, '2026-01-14 19:27:01', 39, 26),
(1943, 340, 73, 11.25, 'tp', 1, '2026-01-14 19:27:01', 39, 26),
(1944, 340, 73, 12.25, 'exam', 2, '2026-01-14 19:27:01', 39, 26),
(1945, 341, 72, 10.25, 'control', 1, '2026-01-14 19:27:01', 39, 26),
(1946, 341, 72, 11.25, 'tp', 1, '2026-01-14 19:27:01', 39, 26),
(1947, 341, 72, 12.25, 'exam', 2, '2026-01-14 19:27:01', 39, 26),
(1948, 341, 73, 10.25, 'control', 1, '2026-01-14 19:27:01', 39, 26),
(1949, 341, 73, 11.25, 'tp', 1, '2026-01-14 19:27:01', 39, 26),
(1950, 341, 73, 12.25, 'exam', 2, '2026-01-14 19:27:01', 39, 26),
(1951, 342, 72, 10.25, 'control', 1, '2026-01-14 19:27:01', 39, 26),
(1952, 342, 72, 11.25, 'tp', 1, '2026-01-14 19:27:01', 39, 26),
(1953, 342, 72, 12.25, 'exam', 2, '2026-01-14 19:27:01', 39, 26),
(1954, 342, 73, 10.25, 'control', 1, '2026-01-14 19:27:01', 39, 26),
(1955, 342, 73, 11.25, 'tp', 1, '2026-01-14 19:27:01', 39, 26),
(1956, 342, 73, 12.25, 'exam', 2, '2026-01-14 19:27:01', 39, 26),
(1957, 343, 72, 10.25, 'control', 1, '2026-01-14 19:27:01', 39, 26),
(1958, 343, 72, 11.25, 'tp', 1, '2026-01-14 19:27:01', 39, 26),
(1959, 343, 72, 12.25, 'exam', 2, '2026-01-14 19:27:01', 39, 26),
(1960, 343, 73, 10.25, 'control', 1, '2026-01-14 19:27:01', 39, 26),
(1961, 343, 73, 11.25, 'tp', 1, '2026-01-14 19:27:01', 39, 26),
(1962, 343, 73, 12.25, 'exam', 2, '2026-01-14 19:27:01', 39, 26),
(1963, 344, 72, 10.25, 'control', 1, '2026-01-14 19:27:01', 39, 26),
(1964, 344, 72, 11.25, 'tp', 1, '2026-01-14 19:27:01', 39, 26),
(1965, 344, 72, 12.25, 'exam', 2, '2026-01-14 19:27:01', 39, 26),
(1966, 344, 73, 10.25, 'control', 1, '2026-01-14 19:27:01', 39, 26),
(1967, 344, 73, 11.25, 'tp', 1, '2026-01-14 19:27:01', 39, 26),
(1968, 344, 73, 12.25, 'exam', 2, '2026-01-14 19:27:01', 39, 26),
(1969, 345, 72, 10.25, 'control', 1, '2026-01-14 19:27:01', 39, 26),
(1970, 345, 72, 11.25, 'tp', 1, '2026-01-14 19:27:01', 39, 26),
(1971, 345, 72, 12.25, 'exam', 2, '2026-01-14 19:27:01', 39, 26),
(1972, 345, 73, 10.25, 'control', 1, '2026-01-14 19:27:01', 39, 26),
(1973, 345, 73, 11.25, 'tp', 1, '2026-01-14 19:27:01', 39, 26),
(1974, 345, 73, 12.25, 'exam', 2, '2026-01-14 19:27:01', 39, 26),
(1975, 346, 72, 10.25, 'control', 1, '2026-01-14 19:27:01', 39, 26),
(1976, 346, 72, 11.25, 'tp', 1, '2026-01-14 19:27:01', 39, 26),
(1977, 346, 72, 12.25, 'exam', 2, '2026-01-14 19:27:01', 39, 26),
(1978, 346, 73, 10.25, 'control', 1, '2026-01-14 19:27:01', 39, 26),
(1979, 346, 73, 11.25, 'tp', 1, '2026-01-14 19:27:01', 39, 26),
(1980, 346, 73, 12.25, 'exam', 2, '2026-01-14 19:27:01', 39, 26),
(1981, 347, 74, 10.25, 'control', 1, '2026-01-14 19:27:01', 40, 27),
(1982, 347, 74, 11.25, 'tp', 1, '2026-01-14 19:27:01', 40, 27),
(1983, 347, 74, 12.25, 'exam', 2, '2026-01-14 19:27:01', 40, 27),
(1984, 347, 75, 10.25, 'control', 1, '2026-01-14 19:27:01', 40, 27),
(1985, 347, 75, 11.25, 'tp', 1, '2026-01-14 19:27:01', 40, 27),
(1986, 347, 75, 12.25, 'exam', 2, '2026-01-14 19:27:01', 40, 27),
(1987, 348, 74, 10.25, 'control', 1, '2026-01-14 19:27:01', 40, 27),
(1988, 348, 74, 11.25, 'tp', 1, '2026-01-14 19:27:01', 40, 27),
(1989, 348, 74, 12.25, 'exam', 2, '2026-01-14 19:27:01', 40, 27),
(1990, 348, 75, 10.25, 'control', 1, '2026-01-14 19:27:01', 40, 27),
(1991, 348, 75, 11.25, 'tp', 1, '2026-01-14 19:27:01', 40, 27),
(1992, 348, 75, 12.25, 'exam', 2, '2026-01-14 19:27:01', 40, 27),
(1993, 349, 74, 10.25, 'control', 1, '2026-01-14 19:27:01', 40, 27),
(1994, 349, 74, 11.25, 'tp', 1, '2026-01-14 19:27:01', 40, 27),
(1995, 349, 74, 12.25, 'exam', 2, '2026-01-14 19:27:01', 40, 27),
(1996, 349, 75, 10.25, 'control', 1, '2026-01-14 19:27:01', 40, 27),
(1997, 349, 75, 11.25, 'tp', 1, '2026-01-14 19:27:01', 40, 27),
(1998, 349, 75, 12.25, 'exam', 2, '2026-01-14 19:27:01', 40, 27),
(1999, 350, 74, 10.25, 'control', 1, '2026-01-14 19:27:01', 40, 27),
(2000, 350, 74, 11.25, 'tp', 1, '2026-01-14 19:27:01', 40, 27),
(2001, 350, 74, 12.25, 'exam', 2, '2026-01-14 19:27:01', 40, 27),
(2002, 350, 75, 10.25, 'control', 1, '2026-01-14 19:27:01', 40, 27),
(2003, 350, 75, 11.25, 'tp', 1, '2026-01-14 19:27:01', 40, 27),
(2004, 350, 75, 12.25, 'exam', 2, '2026-01-14 19:27:01', 40, 27),
(2005, 351, 74, 10.25, 'control', 1, '2026-01-14 19:27:01', 40, 27),
(2006, 351, 74, 11.25, 'tp', 1, '2026-01-14 19:27:01', 40, 27),
(2007, 351, 74, 12.25, 'exam', 2, '2026-01-14 19:27:01', 40, 27),
(2008, 351, 75, 10.25, 'control', 1, '2026-01-14 19:27:01', 40, 27),
(2009, 351, 75, 11.25, 'tp', 1, '2026-01-14 19:27:01', 40, 27),
(2010, 351, 75, 12.25, 'exam', 2, '2026-01-14 19:27:01', 40, 27),
(2011, 352, 74, 10.25, 'control', 1, '2026-01-14 19:27:01', 40, 27),
(2012, 352, 74, 11.25, 'tp', 1, '2026-01-14 19:27:01', 40, 27),
(2013, 352, 74, 12.25, 'exam', 2, '2026-01-14 19:27:01', 40, 27),
(2014, 352, 75, 10.25, 'control', 1, '2026-01-14 19:27:01', 40, 27),
(2015, 352, 75, 11.25, 'tp', 1, '2026-01-14 19:27:01', 40, 27),
(2016, 352, 75, 12.25, 'exam', 2, '2026-01-14 19:27:01', 40, 27),
(2017, 353, 74, 10.25, 'control', 1, '2026-01-14 19:27:01', 40, 27),
(2018, 353, 74, 11.25, 'tp', 1, '2026-01-14 19:27:01', 40, 27),
(2019, 353, 74, 12.25, 'exam', 2, '2026-01-14 19:27:01', 40, 27),
(2020, 353, 75, 10.25, 'control', 1, '2026-01-14 19:27:01', 40, 27),
(2021, 353, 75, 11.25, 'tp', 1, '2026-01-14 19:27:01', 40, 27),
(2022, 353, 75, 12.25, 'exam', 2, '2026-01-14 19:27:01', 40, 27),
(2023, 354, 74, 10.25, 'control', 1, '2026-01-14 19:27:01', 40, 27),
(2024, 354, 74, 11.25, 'tp', 1, '2026-01-14 19:27:01', 40, 27),
(2025, 354, 74, 12.25, 'exam', 2, '2026-01-14 19:27:01', 40, 27),
(2026, 354, 75, 10.25, 'control', 1, '2026-01-14 19:27:01', 40, 27),
(2027, 354, 75, 11.25, 'tp', 1, '2026-01-14 19:27:01', 40, 27),
(2028, 354, 75, 12.25, 'exam', 2, '2026-01-14 19:27:01', 40, 27),
(2029, 355, 74, 10.25, 'control', 1, '2026-01-14 19:27:01', 40, 27),
(2030, 355, 74, 11.25, 'tp', 1, '2026-01-14 19:27:01', 40, 27),
(2031, 355, 74, 12.25, 'exam', 2, '2026-01-14 19:27:01', 40, 27),
(2032, 355, 75, 10.25, 'control', 1, '2026-01-14 19:27:01', 40, 27),
(2033, 355, 75, 11.25, 'tp', 1, '2026-01-14 19:27:01', 40, 27),
(2034, 355, 75, 12.25, 'exam', 2, '2026-01-14 19:27:01', 40, 27),
(2035, 356, 74, 10.25, 'control', 1, '2026-01-14 19:27:01', 40, 27),
(2036, 356, 74, 11.25, 'tp', 1, '2026-01-14 19:27:01', 40, 27),
(2037, 356, 74, 12.25, 'exam', 2, '2026-01-14 19:27:01', 40, 27),
(2038, 356, 75, 10.25, 'control', 1, '2026-01-14 19:27:01', 40, 27),
(2039, 356, 75, 11.25, 'tp', 1, '2026-01-14 19:27:01', 40, 27),
(2040, 356, 75, 12.25, 'exam', 2, '2026-01-14 19:27:01', 40, 27),
(2041, 357, 74, 10.25, 'control', 1, '2026-01-14 19:27:01', 40, 27),
(2042, 357, 74, 11.25, 'tp', 1, '2026-01-14 19:27:01', 40, 27),
(2043, 357, 74, 12.25, 'exam', 2, '2026-01-14 19:27:01', 40, 27),
(2044, 357, 75, 10.25, 'control', 1, '2026-01-14 19:27:01', 40, 27),
(2045, 357, 75, 11.25, 'tp', 1, '2026-01-14 19:27:01', 40, 27),
(2046, 357, 75, 12.25, 'exam', 2, '2026-01-14 19:27:01', 40, 27),
(2047, 358, 74, 10.25, 'control', 1, '2026-01-14 19:27:01', 40, 27),
(2048, 358, 74, 11.25, 'tp', 1, '2026-01-14 19:27:01', 40, 27),
(2049, 358, 74, 12.25, 'exam', 2, '2026-01-14 19:27:01', 40, 27),
(2050, 358, 75, 10.25, 'control', 1, '2026-01-14 19:27:01', 40, 27),
(2051, 358, 75, 11.25, 'tp', 1, '2026-01-14 19:27:01', 40, 27),
(2052, 358, 75, 12.25, 'exam', 2, '2026-01-14 19:27:01', 40, 27),
(2053, 359, 74, 10.25, 'control', 1, '2026-01-14 19:27:01', 40, 27),
(2054, 359, 74, 11.25, 'tp', 1, '2026-01-14 19:27:01', 40, 27),
(2055, 359, 74, 12.25, 'exam', 2, '2026-01-14 19:27:01', 40, 27),
(2056, 359, 75, 10.25, 'control', 1, '2026-01-14 19:27:01', 40, 27),
(2057, 359, 75, 11.25, 'tp', 1, '2026-01-14 19:27:01', 40, 27),
(2058, 359, 75, 12.25, 'exam', 2, '2026-01-14 19:27:01', 40, 27),
(2059, 360, 74, 10.25, 'control', 1, '2026-01-14 19:27:01', 40, 27),
(2060, 360, 74, 11.25, 'tp', 1, '2026-01-14 19:27:01', 40, 27),
(2061, 360, 74, 12.25, 'exam', 2, '2026-01-14 19:27:01', 40, 27),
(2062, 360, 75, 10.25, 'control', 1, '2026-01-14 19:27:01', 40, 27),
(2063, 360, 75, 11.25, 'tp', 1, '2026-01-14 19:27:01', 40, 27),
(2064, 360, 75, 12.25, 'exam', 2, '2026-01-14 19:27:01', 40, 27),
(2065, 361, 74, 10.25, 'control', 1, '2026-01-14 19:27:01', 40, 27),
(2066, 361, 74, 11.25, 'tp', 1, '2026-01-14 19:27:01', 40, 27),
(2067, 361, 74, 12.25, 'exam', 2, '2026-01-14 19:27:01', 40, 27),
(2068, 361, 75, 10.25, 'control', 1, '2026-01-14 19:27:01', 40, 27),
(2069, 361, 75, 11.25, 'tp', 1, '2026-01-14 19:27:01', 40, 27),
(2070, 361, 75, 12.25, 'exam', 2, '2026-01-14 19:27:01', 40, 27),
(2071, 362, 76, 10.25, 'control', 1, '2026-01-14 19:27:01', 41, 28),
(2072, 362, 76, 11.25, 'tp', 1, '2026-01-14 19:27:01', 41, 28),
(2073, 362, 76, 12.25, 'exam', 2, '2026-01-14 19:27:01', 41, 28),
(2074, 362, 77, 10.25, 'control', 1, '2026-01-14 19:27:01', 41, 28),
(2075, 362, 77, 11.25, 'tp', 1, '2026-01-14 19:27:01', 41, 28),
(2076, 362, 77, 12.25, 'exam', 2, '2026-01-14 19:27:01', 41, 28),
(2077, 363, 76, 10.25, 'control', 1, '2026-01-14 19:27:01', 41, 28),
(2078, 363, 76, 11.25, 'tp', 1, '2026-01-14 19:27:01', 41, 28),
(2079, 363, 76, 12.25, 'exam', 2, '2026-01-14 19:27:01', 41, 28),
(2080, 363, 77, 10.25, 'control', 1, '2026-01-14 19:27:01', 41, 28),
(2081, 363, 77, 11.25, 'tp', 1, '2026-01-14 19:27:01', 41, 28),
(2082, 363, 77, 12.25, 'exam', 2, '2026-01-14 19:27:01', 41, 28),
(2083, 364, 76, 10.25, 'control', 1, '2026-01-14 19:27:01', 41, 28),
(2084, 364, 76, 11.25, 'tp', 1, '2026-01-14 19:27:01', 41, 28),
(2085, 364, 76, 12.25, 'exam', 2, '2026-01-14 19:27:01', 41, 28),
(2086, 364, 77, 10.25, 'control', 1, '2026-01-14 19:27:01', 41, 28),
(2087, 364, 77, 11.25, 'tp', 1, '2026-01-14 19:27:01', 41, 28),
(2088, 364, 77, 12.25, 'exam', 2, '2026-01-14 19:27:01', 41, 28),
(2089, 365, 76, 10.25, 'control', 1, '2026-01-14 19:27:01', 41, 28),
(2090, 365, 76, 11.25, 'tp', 1, '2026-01-14 19:27:01', 41, 28),
(2091, 365, 76, 12.25, 'exam', 2, '2026-01-14 19:27:01', 41, 28),
(2092, 365, 77, 10.25, 'control', 1, '2026-01-14 19:27:01', 41, 28),
(2093, 365, 77, 11.25, 'tp', 1, '2026-01-14 19:27:01', 41, 28),
(2094, 365, 77, 12.25, 'exam', 2, '2026-01-14 19:27:01', 41, 28),
(2095, 366, 76, 10.25, 'control', 1, '2026-01-14 19:27:01', 41, 28),
(2096, 366, 76, 11.25, 'tp', 1, '2026-01-14 19:27:01', 41, 28),
(2097, 366, 76, 12.25, 'exam', 2, '2026-01-14 19:27:01', 41, 28),
(2098, 366, 77, 10.25, 'control', 1, '2026-01-14 19:27:01', 41, 28),
(2099, 366, 77, 11.25, 'tp', 1, '2026-01-14 19:27:01', 41, 28),
(2100, 366, 77, 12.25, 'exam', 2, '2026-01-14 19:27:01', 41, 28),
(2101, 367, 76, 10.25, 'control', 1, '2026-01-14 19:27:01', 41, 28),
(2102, 367, 76, 11.25, 'tp', 1, '2026-01-14 19:27:01', 41, 28),
(2103, 367, 76, 12.25, 'exam', 2, '2026-01-14 19:27:01', 41, 28),
(2104, 367, 77, 10.25, 'control', 1, '2026-01-14 19:27:01', 41, 28),
(2105, 367, 77, 11.25, 'tp', 1, '2026-01-14 19:27:01', 41, 28),
(2106, 367, 77, 12.25, 'exam', 2, '2026-01-14 19:27:01', 41, 28),
(2107, 368, 76, 10.25, 'control', 1, '2026-01-14 19:27:01', 41, 28),
(2108, 368, 76, 11.25, 'tp', 1, '2026-01-14 19:27:01', 41, 28),
(2109, 368, 76, 12.25, 'exam', 2, '2026-01-14 19:27:01', 41, 28),
(2110, 368, 77, 10.25, 'control', 1, '2026-01-14 19:27:01', 41, 28),
(2111, 368, 77, 11.25, 'tp', 1, '2026-01-14 19:27:01', 41, 28),
(2112, 368, 77, 12.25, 'exam', 2, '2026-01-14 19:27:01', 41, 28),
(2113, 369, 76, 10.25, 'control', 1, '2026-01-14 19:27:01', 41, 28),
(2114, 369, 76, 11.25, 'tp', 1, '2026-01-14 19:27:01', 41, 28),
(2115, 369, 76, 12.25, 'exam', 2, '2026-01-14 19:27:01', 41, 28),
(2116, 369, 77, 10.25, 'control', 1, '2026-01-14 19:27:01', 41, 28),
(2117, 369, 77, 11.25, 'tp', 1, '2026-01-14 19:27:01', 41, 28),
(2118, 369, 77, 12.25, 'exam', 2, '2026-01-14 19:27:01', 41, 28),
(2119, 370, 76, 10.25, 'control', 1, '2026-01-14 19:27:01', 41, 28),
(2120, 370, 76, 11.25, 'tp', 1, '2026-01-14 19:27:01', 41, 28),
(2121, 370, 76, 12.25, 'exam', 2, '2026-01-14 19:27:01', 41, 28),
(2122, 370, 77, 10.25, 'control', 1, '2026-01-14 19:27:01', 41, 28),
(2123, 370, 77, 11.25, 'tp', 1, '2026-01-14 19:27:01', 41, 28),
(2124, 370, 77, 12.25, 'exam', 2, '2026-01-14 19:27:01', 41, 28),
(2125, 371, 76, 10.25, 'control', 1, '2026-01-14 19:27:01', 41, 28),
(2126, 371, 76, 11.25, 'tp', 1, '2026-01-14 19:27:01', 41, 28),
(2127, 371, 76, 12.25, 'exam', 2, '2026-01-14 19:27:01', 41, 28),
(2128, 371, 77, 10.25, 'control', 1, '2026-01-14 19:27:01', 41, 28),
(2129, 371, 77, 11.25, 'tp', 1, '2026-01-14 19:27:01', 41, 28),
(2130, 371, 77, 12.25, 'exam', 2, '2026-01-14 19:27:01', 41, 28),
(2131, 372, 76, 10.25, 'control', 1, '2026-01-14 19:27:01', 41, 28),
(2132, 372, 76, 11.25, 'tp', 1, '2026-01-14 19:27:01', 41, 28),
(2133, 372, 76, 12.25, 'exam', 2, '2026-01-14 19:27:01', 41, 28),
(2134, 372, 77, 10.25, 'control', 1, '2026-01-14 19:27:01', 41, 28),
(2135, 372, 77, 11.25, 'tp', 1, '2026-01-14 19:27:01', 41, 28),
(2136, 372, 77, 12.25, 'exam', 2, '2026-01-14 19:27:01', 41, 28),
(2137, 373, 76, 10.25, 'control', 1, '2026-01-14 19:27:01', 41, 28),
(2138, 373, 76, 11.25, 'tp', 1, '2026-01-14 19:27:01', 41, 28),
(2139, 373, 76, 12.25, 'exam', 2, '2026-01-14 19:27:01', 41, 28),
(2140, 373, 77, 10.25, 'control', 1, '2026-01-14 19:27:01', 41, 28),
(2141, 373, 77, 11.25, 'tp', 1, '2026-01-14 19:27:01', 41, 28),
(2142, 373, 77, 12.25, 'exam', 2, '2026-01-14 19:27:01', 41, 28),
(2143, 374, 76, 10.25, 'control', 1, '2026-01-14 19:27:01', 41, 28),
(2144, 374, 76, 11.25, 'tp', 1, '2026-01-14 19:27:01', 41, 28),
(2145, 374, 76, 12.25, 'exam', 2, '2026-01-14 19:27:01', 41, 28),
(2146, 374, 77, 10.25, 'control', 1, '2026-01-14 19:27:01', 41, 28),
(2147, 374, 77, 11.25, 'tp', 1, '2026-01-14 19:27:01', 41, 28),
(2148, 374, 77, 12.25, 'exam', 2, '2026-01-14 19:27:01', 41, 28),
(2149, 375, 76, 10.25, 'control', 1, '2026-01-14 19:27:01', 41, 28),
(2150, 375, 76, 11.25, 'tp', 1, '2026-01-14 19:27:01', 41, 28),
(2151, 375, 76, 12.25, 'exam', 2, '2026-01-14 19:27:01', 41, 28),
(2152, 375, 77, 10.25, 'control', 1, '2026-01-14 19:27:01', 41, 28),
(2153, 375, 77, 11.25, 'tp', 1, '2026-01-14 19:27:01', 41, 28),
(2154, 375, 77, 12.25, 'exam', 2, '2026-01-14 19:27:01', 41, 28),
(2155, 376, 76, 10.25, 'control', 1, '2026-01-14 19:27:01', 41, 28),
(2156, 376, 76, 11.25, 'tp', 1, '2026-01-14 19:27:01', 41, 28),
(2157, 376, 76, 12.25, 'exam', 2, '2026-01-14 19:27:01', 41, 28),
(2158, 376, 77, 10.25, 'control', 1, '2026-01-14 19:27:01', 41, 28),
(2159, 376, 77, 11.25, 'tp', 1, '2026-01-14 19:27:01', 41, 28),
(2160, 376, 77, 12.25, 'exam', 2, '2026-01-14 19:27:01', 41, 28),
(2161, 287, 75, 12.00, 'Contrôle', 1, '2026-01-14 20:23:15', 36, 23),
(2162, 287, 75, 13.00, 'Examen', 1, '2026-01-14 22:16:52', 36, 23),
(2163, 287, 66, 15.00, 'Examen', 1, '2026-01-15 09:28:18', 36, 23);

-- --------------------------------------------------------

--
-- Table structure for table `messenger_messages`
--

CREATE TABLE `messenger_messages` (
  `id` bigint(20) NOT NULL,
  `body` longtext NOT NULL,
  `headers` longtext NOT NULL,
  `queue_name` varchar(190) NOT NULL,
  `created_at` datetime NOT NULL COMMENT '(DC2Type:datetime_immutable)',
  `available_at` datetime NOT NULL COMMENT '(DC2Type:datetime_immutable)',
  `delivered_at` datetime DEFAULT NULL COMMENT '(DC2Type:datetime_immutable)'
) ENGINE=InnoDB DEFAULT CHARSET=utf8mb4 COLLATE=utf8mb4_unicode_ci;

-- --------------------------------------------------------

--
-- Table structure for table `schedule`
--

CREATE TABLE `schedule` (
  `id` int(11) NOT NULL,
  `subject_id` int(11) NOT NULL,
  `teacher_id` int(11) NOT NULL,
  `classe_id` int(11) NOT NULL,
  `day_of_week` varchar(20) NOT NULL,
  `start_time` time NOT NULL,
  `end_time` time NOT NULL,
  `room` varchar(50) NOT NULL,
  `course_type` varchar(10) NOT NULL,
  `semester` int(11) NOT NULL
) ENGINE=InnoDB DEFAULT CHARSET=utf8mb4 COLLATE=utf8mb4_unicode_ci;

--
-- Dumping data for table `schedule`
--

INSERT INTO `schedule` (`id`, `subject_id`, `teacher_id`, `classe_id`, `day_of_week`, `start_time`, `end_time`, `room`, `course_type`, `semester`) VALUES
(282, 66, 36, 23, 'Monday', '08:00:00', '10:00:00', 'A101', 'CM', 1),
(283, 69, 37, 24, 'Monday', '08:00:00', '10:00:00', 'A102', 'TD', 1),
(284, 70, 38, 25, 'Monday', '08:00:00', '10:00:00', 'A201', 'TP', 1),
(285, 73, 39, 26, 'Monday', '08:00:00', '10:00:00', 'A202', 'CM', 1),
(286, 74, 40, 27, 'Monday', '08:00:00', '10:00:00', 'B101', 'TD', 1),
(287, 77, 41, 28, 'Monday', '08:00:00', '10:00:00', 'B102', 'TP', 1),
(288, 78, 42, 23, 'Monday', '10:15:00', '12:15:00', 'A101', 'CM', 1),
(289, 81, 43, 24, 'Monday', '10:15:00', '12:15:00', 'A102', 'TD', 1),
(290, 82, 44, 25, 'Monday', '10:15:00', '12:15:00', 'A201', 'TP', 1),
(291, 85, 45, 26, 'Monday', '10:15:00', '12:15:00', 'A202', 'CM', 1),
(292, 66, 36, 27, 'Monday', '10:15:00', '12:15:00', 'B101', 'TD', 1),
(293, 69, 37, 28, 'Monday', '10:15:00', '12:15:00', 'B102', 'TP', 1),
(294, 70, 38, 23, 'Monday', '14:00:00', '16:00:00', 'A101', 'CM', 1),
(295, 73, 39, 24, 'Monday', '14:00:00', '16:00:00', 'A102', 'TD', 1),
(296, 74, 40, 25, 'Monday', '14:00:00', '16:00:00', 'A201', 'TP', 1),
(297, 77, 41, 26, 'Monday', '14:00:00', '16:00:00', 'A202', 'CM', 1),
(298, 78, 42, 27, 'Monday', '14:00:00', '16:00:00', 'B101', 'TD', 1),
(299, 81, 43, 28, 'Monday', '14:00:00', '16:00:00', 'B102', 'TP', 1),
(300, 82, 44, 23, 'Monday', '16:15:00', '18:15:00', 'A101', 'CM', 1),
(301, 85, 45, 24, 'Monday', '16:15:00', '18:15:00', 'A102', 'TD', 1),
(302, 66, 36, 25, 'Monday', '16:15:00', '18:15:00', 'A201', 'TP', 1),
(303, 69, 37, 26, 'Monday', '16:15:00', '18:15:00', 'A202', 'CM', 1),
(304, 70, 38, 27, 'Monday', '16:15:00', '18:15:00', 'B101', 'TD', 1),
(305, 73, 39, 28, 'Monday', '16:15:00', '18:15:00', 'B102', 'TP', 1),
(306, 74, 40, 23, 'Tuesday', '08:00:00', '10:00:00', 'A101', 'CM', 1),
(307, 77, 41, 24, 'Tuesday', '08:00:00', '10:00:00', 'A102', 'TD', 1),
(308, 78, 42, 25, 'Tuesday', '08:00:00', '10:00:00', 'A201', 'TP', 1),
(309, 81, 43, 26, 'Tuesday', '08:00:00', '10:00:00', 'A202', 'CM', 1),
(310, 82, 44, 27, 'Tuesday', '08:00:00', '10:00:00', 'B101', 'TD', 1),
(311, 85, 45, 28, 'Tuesday', '08:00:00', '10:00:00', 'B102', 'TP', 1),
(312, 66, 36, 23, 'Tuesday', '10:15:00', '12:15:00', 'A101', 'CM', 1),
(313, 69, 37, 24, 'Tuesday', '10:15:00', '12:15:00', 'A102', 'TD', 1),
(314, 70, 38, 25, 'Tuesday', '10:15:00', '12:15:00', 'A201', 'TP', 1),
(315, 73, 39, 26, 'Tuesday', '10:15:00', '12:15:00', 'A202', 'CM', 1),
(316, 74, 40, 27, 'Tuesday', '10:15:00', '12:15:00', 'B101', 'TD', 1),
(317, 77, 41, 28, 'Tuesday', '10:15:00', '12:15:00', 'B102', 'TP', 1),
(318, 78, 42, 23, 'Tuesday', '14:00:00', '16:00:00', 'A101', 'CM', 1),
(319, 81, 43, 24, 'Tuesday', '14:00:00', '16:00:00', 'A102', 'TD', 1),
(320, 82, 44, 25, 'Tuesday', '14:00:00', '16:00:00', 'A201', 'TP', 1),
(321, 85, 45, 26, 'Tuesday', '14:00:00', '16:00:00', 'A202', 'CM', 1),
(322, 66, 36, 27, 'Tuesday', '14:00:00', '16:00:00', 'B101', 'TD', 1),
(323, 69, 37, 28, 'Tuesday', '14:00:00', '16:00:00', 'B102', 'TP', 1),
(324, 70, 38, 23, 'Tuesday', '16:15:00', '18:15:00', 'A101', 'CM', 1),
(325, 73, 39, 24, 'Tuesday', '16:15:00', '18:15:00', 'A102', 'TD', 1),
(326, 74, 40, 25, 'Tuesday', '16:15:00', '18:15:00', 'A201', 'TP', 1),
(327, 77, 41, 26, 'Tuesday', '16:15:00', '18:15:00', 'A202', 'CM', 1),
(328, 78, 42, 27, 'Tuesday', '16:15:00', '18:15:00', 'B101', 'TD', 1),
(329, 81, 43, 28, 'Tuesday', '16:15:00', '18:15:00', 'B102', 'TP', 1),
(330, 82, 44, 23, 'Wednesday', '08:00:00', '10:00:00', 'A101', 'CM', 1),
(331, 85, 45, 24, 'Wednesday', '08:00:00', '10:00:00', 'A102', 'TD', 1),
(332, 66, 36, 25, 'Wednesday', '08:00:00', '10:00:00', 'A201', 'TP', 1),
(333, 69, 37, 26, 'Wednesday', '08:00:00', '10:00:00', 'A202', 'CM', 1),
(334, 70, 38, 27, 'Wednesday', '08:00:00', '10:00:00', 'B101', 'TD', 1),
(335, 73, 39, 28, 'Wednesday', '08:00:00', '10:00:00', 'B102', 'TP', 1),
(336, 77, 40, 23, 'Wednesday', '10:15:00', '12:15:00', 'A101', 'CM', 1),
(337, 77, 41, 24, 'Wednesday', '10:15:00', '12:15:00', 'A102', 'TD', 1),
(338, 78, 42, 25, 'Wednesday', '10:15:00', '12:15:00', 'A201', 'TP', 1),
(339, 81, 43, 26, 'Wednesday', '10:15:00', '12:15:00', 'A202', 'CM', 1),
(340, 82, 44, 27, 'Wednesday', '10:15:00', '12:15:00', 'B101', 'TD', 1),
(341, 85, 45, 28, 'Wednesday', '10:15:00', '12:15:00', 'B102', 'TP', 1),
(342, 66, 36, 23, 'Wednesday', '14:00:00', '16:00:00', 'A101', 'CM', 1),
(343, 69, 37, 24, 'Wednesday', '14:00:00', '16:00:00', 'A102', 'TD', 1),
(344, 70, 38, 25, 'Wednesday', '14:00:00', '16:00:00', 'A201', 'TP', 1),
(345, 73, 39, 26, 'Wednesday', '14:00:00', '16:00:00', 'A202', 'CM', 1),
(346, 74, 40, 27, 'Wednesday', '14:00:00', '16:00:00', 'B101', 'TD', 1),
(347, 77, 41, 28, 'Wednesday', '14:00:00', '16:00:00', 'B102', 'TP', 1),
(348, 78, 42, 23, 'Wednesday', '16:15:00', '18:15:00', 'A101', 'CM', 1),
(349, 81, 43, 24, 'Wednesday', '16:15:00', '18:15:00', 'A102', 'TD', 1),
(350, 82, 44, 25, 'Wednesday', '16:15:00', '18:15:00', 'A201', 'TP', 1),
(351, 85, 45, 26, 'Wednesday', '16:15:00', '18:15:00', 'A202', 'CM', 1),
(352, 66, 36, 27, 'Wednesday', '16:15:00', '18:15:00', 'B101', 'TD', 1),
(353, 69, 37, 28, 'Wednesday', '16:15:00', '18:15:00', 'B102', 'TP', 1),
(354, 70, 38, 23, 'Thursday', '08:00:00', '10:00:00', 'A101', 'CM', 1),
(355, 73, 39, 24, 'Thursday', '08:00:00', '10:00:00', 'A102', 'TD', 1),
(356, 74, 40, 25, 'Thursday', '08:00:00', '10:00:00', 'A201', 'TP', 1),
(357, 77, 41, 26, 'Thursday', '08:00:00', '10:00:00', 'A202', 'CM', 1),
(358, 78, 42, 27, 'Thursday', '08:00:00', '10:00:00', 'B101', 'TD', 1),
(359, 81, 43, 28, 'Thursday', '08:00:00', '10:00:00', 'B102', 'TP', 1),
(360, 82, 44, 23, 'Thursday', '10:15:00', '12:15:00', 'A101', 'CM', 1),
(361, 85, 45, 24, 'Thursday', '10:15:00', '12:15:00', 'A102', 'TD', 1),
(362, 66, 36, 25, 'Thursday', '10:15:00', '12:15:00', 'A201', 'TP', 1),
(363, 69, 37, 26, 'Thursday', '10:15:00', '12:15:00', 'A202', 'CM', 1),
(364, 70, 38, 27, 'Thursday', '10:15:00', '12:15:00', 'B101', 'TD', 1),
(365, 73, 39, 28, 'Thursday', '10:15:00', '12:15:00', 'B102', 'TP', 1),
(366, 74, 40, 23, 'Thursday', '14:00:00', '16:00:00', 'A101', 'CM', 1),
(367, 77, 41, 24, 'Thursday', '14:00:00', '16:00:00', 'A102', 'TD', 1),
(368, 78, 42, 25, 'Thursday', '14:00:00', '16:00:00', 'A201', 'TP', 1),
(369, 81, 43, 26, 'Thursday', '14:00:00', '16:00:00', 'A202', 'CM', 1),
(370, 82, 44, 27, 'Thursday', '14:00:00', '16:00:00', 'B101', 'TD', 1),
(371, 85, 45, 28, 'Thursday', '14:00:00', '16:00:00', 'B102', 'TP', 1),
(372, 66, 36, 23, 'Thursday', '16:15:00', '18:15:00', 'A101', 'CM', 1),
(373, 69, 37, 24, 'Thursday', '16:15:00', '18:15:00', 'A102', 'TD', 1),
(374, 70, 38, 25, 'Thursday', '16:15:00', '18:15:00', 'A201', 'TP', 1),
(375, 73, 39, 26, 'Thursday', '16:15:00', '18:15:00', 'A202', 'CM', 1),
(376, 74, 40, 27, 'Thursday', '16:15:00', '18:15:00', 'B101', 'TD', 1),
(377, 77, 41, 28, 'Thursday', '16:15:00', '18:15:00', 'B102', 'TP', 1),
(378, 78, 42, 23, 'Friday', '08:00:00', '11:00:00', 'A101', 'CM', 1),
(379, 81, 43, 24, 'Friday', '08:00:00', '10:00:00', 'A102', 'TD', 1),
(380, 82, 44, 25, 'Friday', '08:00:00', '10:00:00', 'A201', 'TP', 1),
(381, 85, 45, 26, 'Friday', '08:00:00', '10:00:00', 'A202', 'CM', 1),
(383, 75, 36, 23, 'Saturday', '09:00:00', '11:00:00', 'A101', 'CM', 1),
(385, 69, 45, 23, 'Friday', '16:00:00', '17:00:00', 'A201', 'TP', 1);

-- --------------------------------------------------------

--
-- Table structure for table `student`
--

CREATE TABLE `student` (
  `id` int(11) NOT NULL,
  `user_id` int(11) NOT NULL,
  `classe_id` int(11) NOT NULL,
  `first_name` varchar(100) NOT NULL,
  `last_name` varchar(100) NOT NULL,
  `cne` varchar(20) NOT NULL,
  `birth_date` date NOT NULL,
  `phone` varchar(20) DEFAULT NULL,
  `address` longtext DEFAULT NULL,
  `profile_picture` varchar(255) DEFAULT NULL,
  `enrollment_date` date NOT NULL,
  `status` varchar(20) NOT NULL
) ENGINE=InnoDB DEFAULT CHARSET=utf8mb4 COLLATE=utf8mb4_unicode_ci;

--
-- Dumping data for table `student`
--

INSERT INTO `student` (`id`, `user_id`, `classe_id`, `first_name`, `last_name`, `cne`, `birth_date`, `phone`, `address`, `profile_picture`, `enrollment_date`, `status`) VALUES
(287, 337, 23, 'Imad', 'Amrani', 'CNE00000001', '2006-01-01', '0601000001', 'Casablanca', 'uploads/profiles/6967e6b2a25da.jpg', '2025-09-15', 'active'),
(288, 338, 23, 'Sara', 'Haddou', 'CNE00000002', '2006-01-01', '0601000002', 'Casablanca', NULL, '2025-09-15', 'active'),
(289, 339, 23, 'Yasmine', 'Bouzid', 'CNE00000003', '2006-01-01', '0601000003', 'Casablanca', NULL, '2025-09-15', 'active'),
(290, 340, 23, 'Hamza', 'Rami', 'CNE00000004', '2006-01-01', '0601000004', 'Casablanca', NULL, '2025-09-15', 'active'),
(291, 341, 23, 'Aya', 'Laziri', 'CNE00000005', '2006-01-01', '0601000005', 'Casablanca', NULL, '2025-09-15', 'active'),
(292, 342, 23, 'Ilyas', 'Bakkali', 'CNE00000006', '2006-01-01', '0601000006', 'Casablanca', NULL, '2025-09-15', 'active'),
(293, 343, 23, 'Nour', 'Fassi', 'CNE00000007', '2006-01-01', '0601000007', 'Casablanca', NULL, '2025-09-15', 'active'),
(294, 344, 23, 'Rania', 'Alaoui', 'CNE00000008', '2006-01-01', '0601000008', 'Casablanca', NULL, '2025-09-15', 'active'),
(295, 345, 23, 'Walid', 'Saidi', 'CNE00000009', '2006-01-01', '0601000009', 'Casablanca', NULL, '2025-09-15', 'active'),
(296, 346, 23, 'Lina', 'Zerhouni', 'CNE00000010', '2006-01-01', '0601000010', 'Casablanca', NULL, '2025-09-15', 'active'),
(297, 347, 23, 'Oussama', 'ElKadi', 'CNE00000011', '2006-01-01', '0601000011', 'Casablanca', NULL, '2025-09-15', 'active'),
(298, 348, 23, 'Salma', 'Benjelloun', 'CNE00000012', '2006-01-01', '0601000012', 'Casablanca', NULL, '2025-09-15', 'active'),
(299, 349, 23, 'Hajar', 'Chraibi', 'CNE00000013', '2006-01-01', '0601000013', 'Casablanca', NULL, '2025-09-15', 'active'),
(300, 350, 23, 'Ziad', 'Tazi', 'CNE00000014', '2006-01-01', '0601000014', 'Casablanca', NULL, '2025-09-15', 'active'),
(301, 351, 23, 'Meriem', 'Bennani', 'CNE00000015', '2006-01-01', '0601000015', 'Casablanca', NULL, '2025-09-15', 'active'),
(302, 352, 24, 'Imad', 'Amrani', 'CNE00000016', '2006-01-01', '0601000016', 'Casablanca', NULL, '2025-09-15', 'active'),
(303, 353, 24, 'Sara', 'Haddou', 'CNE00000017', '2006-01-01', '0601000017', 'Casablanca', NULL, '2025-09-15', 'active'),
(304, 354, 24, 'Yasmine', 'Bouzid', 'CNE00000018', '2006-01-01', '0601000018', 'Casablanca', NULL, '2025-09-15', 'active'),
(305, 355, 24, 'Hamza', 'Rami', 'CNE00000019', '2006-01-01', '0601000019', 'Casablanca', NULL, '2025-09-15', 'active'),
(306, 356, 24, 'Aya', 'Laziri', 'CNE00000020', '2006-01-01', '0601000020', 'Casablanca', NULL, '2025-09-15', 'active'),
(307, 357, 24, 'Ilyas', 'Bakkali', 'CNE00000021', '2006-01-01', '0601000021', 'Casablanca', NULL, '2025-09-15', 'active'),
(308, 358, 24, 'Nour', 'Fassi', 'CNE00000022', '2006-01-01', '0601000022', 'Casablanca', NULL, '2025-09-15', 'active'),
(309, 359, 24, 'Rania', 'Alaoui', 'CNE00000023', '2006-01-01', '0601000023', 'Casablanca', NULL, '2025-09-15', 'active'),
(310, 360, 24, 'Walid', 'Saidi', 'CNE00000024', '2006-01-01', '0601000024', 'Casablanca', NULL, '2025-09-15', 'active'),
(311, 361, 24, 'Lina', 'Zerhouni', 'CNE00000025', '2006-01-01', '0601000025', 'Casablanca', NULL, '2025-09-15', 'active'),
(312, 362, 24, 'Oussama', 'ElKadi', 'CNE00000026', '2006-01-01', '0601000026', 'Casablanca', NULL, '2025-09-15', 'active'),
(313, 363, 24, 'Salma', 'Benjelloun', 'CNE00000027', '2006-01-01', '0601000027', 'Casablanca', NULL, '2025-09-15', 'active'),
(314, 364, 24, 'Hajar', 'Chraibi', 'CNE00000028', '2006-01-01', '0601000028', 'Casablanca', NULL, '2025-09-15', 'active'),
(315, 365, 24, 'Ziad', 'Tazi', 'CNE00000029', '2006-01-01', '0601000029', 'Casablanca', NULL, '2025-09-15', 'active'),
(316, 366, 24, 'Meriem', 'Bennani', 'CNE00000030', '2006-01-01', '0601000030', 'Casablanca', NULL, '2025-09-15', 'active'),
(317, 367, 25, 'Imad', 'Amrani', 'CNE00000031', '2006-01-01', '0601000031', 'Casablanca', NULL, '2025-09-15', 'active'),
(318, 368, 25, 'Sara', 'Haddou', 'CNE00000032', '2006-01-01', '0601000032', 'Casablanca', NULL, '2025-09-15', 'active'),
(319, 369, 25, 'Yasmine', 'Bouzid', 'CNE00000033', '2006-01-01', '0601000033', 'Casablanca', NULL, '2025-09-15', 'active'),
(320, 370, 25, 'Hamza', 'Rami', 'CNE00000034', '2006-01-01', '0601000034', 'Casablanca', NULL, '2025-09-15', 'active'),
(321, 371, 25, 'Aya', 'Laziri', 'CNE00000035', '2006-01-01', '0601000035', 'Casablanca', NULL, '2025-09-15', 'active'),
(322, 372, 25, 'Ilyas', 'Bakkali', 'CNE00000036', '2006-01-01', '0601000036', 'Casablanca', NULL, '2025-09-15', 'active'),
(323, 373, 25, 'Nour', 'Fassi', 'CNE00000037', '2006-01-01', '0601000037', 'Casablanca', NULL, '2025-09-15', 'active'),
(324, 374, 25, 'Rania', 'Alaoui', 'CNE00000038', '2006-01-01', '0601000038', 'Casablanca', NULL, '2025-09-15', 'active'),
(325, 375, 25, 'Walid', 'Saidi', 'CNE00000039', '2006-01-01', '0601000039', 'Casablanca', NULL, '2025-09-15', 'active'),
(326, 376, 25, 'Lina', 'Zerhouni', 'CNE00000040', '2006-01-01', '0601000040', 'Casablanca', NULL, '2025-09-15', 'active'),
(327, 377, 25, 'Oussama', 'ElKadi', 'CNE00000041', '2006-01-01', '0601000041', 'Casablanca', NULL, '2025-09-15', 'active'),
(328, 378, 25, 'Salma', 'Benjelloun', 'CNE00000042', '2006-01-01', '0601000042', 'Casablanca', NULL, '2025-09-15', 'active'),
(329, 379, 25, 'Hajar', 'Chraibi', 'CNE00000043', '2006-01-01', '0601000043', 'Casablanca', NULL, '2025-09-15', 'active'),
(330, 380, 25, 'Ziad', 'Tazi', 'CNE00000044', '2006-01-01', '0601000044', 'Casablanca', NULL, '2025-09-15', 'active'),
(331, 381, 25, 'Meriem', 'Bennani', 'CNE00000045', '2006-01-01', '0601000045', 'Casablanca', NULL, '2025-09-15', 'active'),
(332, 382, 26, 'Imad', 'Amrani', 'CNE00000046', '2006-01-01', '0601000046', 'Casablanca', NULL, '2025-09-15', 'active'),
(333, 383, 26, 'Sara', 'Haddou', 'CNE00000047', '2006-01-01', '0601000047', 'Casablanca', NULL, '2025-09-15', 'active'),
(334, 384, 26, 'Yasmine', 'Bouzid', 'CNE00000048', '2006-01-01', '0601000048', 'Casablanca', NULL, '2025-09-15', 'active'),
(335, 385, 26, 'Hamza', 'Rami', 'CNE00000049', '2006-01-01', '0601000049', 'Casablanca', NULL, '2025-09-15', 'active'),
(336, 386, 26, 'Aya', 'Laziri', 'CNE00000050', '2006-01-01', '0601000050', 'Casablanca', NULL, '2025-09-15', 'active'),
(337, 387, 26, 'Ilyas', 'Bakkali', 'CNE00000051', '2006-01-01', '0601000051', 'Casablanca', NULL, '2025-09-15', 'active'),
(338, 388, 26, 'Nour', 'Fassi', 'CNE00000052', '2006-01-01', '0601000052', 'Casablanca', NULL, '2025-09-15', 'active'),
(339, 389, 26, 'Rania', 'Alaoui', 'CNE00000053', '2006-01-01', '0601000053', 'Casablanca', NULL, '2025-09-15', 'active'),
(340, 390, 26, 'Walid', 'Saidi', 'CNE00000054', '2006-01-01', '0601000054', 'Casablanca', NULL, '2025-09-15', 'active'),
(341, 391, 26, 'Lina', 'Zerhouni', 'CNE00000055', '2006-01-01', '0601000055', 'Casablanca', NULL, '2025-09-15', 'active'),
(342, 392, 26, 'Oussama', 'ElKadi', 'CNE00000056', '2006-01-01', '0601000056', 'Casablanca', NULL, '2025-09-15', 'active'),
(343, 393, 26, 'Salma', 'Benjelloun', 'CNE00000057', '2006-01-01', '0601000057', 'Casablanca', NULL, '2025-09-15', 'active'),
(344, 394, 26, 'Hajar', 'Chraibi', 'CNE00000058', '2006-01-01', '0601000058', 'Casablanca', NULL, '2025-09-15', 'active'),
(345, 395, 26, 'Ziad', 'Tazi', 'CNE00000059', '2006-01-01', '0601000059', 'Casablanca', NULL, '2025-09-15', 'active'),
(346, 396, 26, 'Meriem', 'Bennani', 'CNE00000060', '2006-01-01', '0601000060', 'Casablanca', NULL, '2025-09-15', 'active'),
(347, 397, 27, 'Imad', 'Amrani', 'CNE00000061', '2006-01-01', '0601000061', 'Casablanca', NULL, '2025-09-15', 'active'),
(348, 398, 27, 'Sara', 'Haddou', 'CNE00000062', '2006-01-01', '0601000062', 'Casablanca', NULL, '2025-09-15', 'active'),
(349, 399, 27, 'Yasmine', 'Bouzid', 'CNE00000063', '2006-01-01', '0601000063', 'Casablanca', NULL, '2025-09-15', 'active'),
(350, 400, 27, 'Hamza', 'Rami', 'CNE00000064', '2006-01-01', '0601000064', 'Casablanca', NULL, '2025-09-15', 'active'),
(351, 401, 27, 'Aya', 'Laziri', 'CNE00000065', '2006-01-01', '0601000065', 'Casablanca', NULL, '2025-09-15', 'active'),
(352, 402, 27, 'Ilyas', 'Bakkali', 'CNE00000066', '2006-01-01', '0601000066', 'Casablanca', NULL, '2025-09-15', 'active'),
(353, 403, 27, 'Nour', 'Fassi', 'CNE00000067', '2006-01-01', '0601000067', 'Casablanca', NULL, '2025-09-15', 'active'),
(354, 404, 27, 'Rania', 'Alaoui', 'CNE00000068', '2006-01-01', '0601000068', 'Casablanca', NULL, '2025-09-15', 'active'),
(355, 405, 27, 'Walid', 'Saidi', 'CNE00000069', '2006-01-01', '0601000069', 'Casablanca', NULL, '2025-09-15', 'active'),
(356, 406, 27, 'Lina', 'Zerhouni', 'CNE00000070', '2006-01-01', '0601000070', 'Casablanca', NULL, '2025-09-15', 'active'),
(357, 407, 27, 'Oussama', 'ElKadi', 'CNE00000071', '2006-01-01', '0601000071', 'Casablanca', NULL, '2025-09-15', 'active'),
(358, 408, 27, 'Salma', 'Benjelloun', 'CNE00000072', '2006-01-01', '0601000072', 'Casablanca', NULL, '2025-09-15', 'active'),
(359, 409, 27, 'Hajar', 'Chraibi', 'CNE00000073', '2006-01-01', '0601000073', 'Casablanca', NULL, '2025-09-15', 'active'),
(360, 410, 27, 'Ziad', 'Tazi', 'CNE00000074', '2006-01-01', '0601000074', 'Casablanca', NULL, '2025-09-15', 'active'),
(361, 411, 27, 'Meriem', 'Bennani', 'CNE00000075', '2006-01-01', '0601000075', 'Casablanca', NULL, '2025-09-15', 'active'),
(362, 412, 28, 'Imad', 'Amrani', 'CNE00000076', '2006-01-01', '0601000076', 'Casablanca', NULL, '2025-09-15', 'active'),
(363, 413, 28, 'Sara', 'Haddou', 'CNE00000077', '2006-01-01', '0601000077', 'Casablanca', NULL, '2025-09-15', 'active'),
(364, 414, 28, 'Yasmine', 'Bouzid', 'CNE00000078', '2006-01-01', '0601000078', 'Casablanca', NULL, '2025-09-15', 'active'),
(365, 415, 28, 'Hamza', 'Rami', 'CNE00000079', '2006-01-01', '0601000079', 'Casablanca', NULL, '2025-09-15', 'active'),
(366, 416, 28, 'Aya', 'Laziri', 'CNE00000080', '2006-01-01', '0601000080', 'Casablanca', NULL, '2025-09-15', 'active'),
(367, 417, 28, 'Ilyas', 'Bakkali', 'CNE00000081', '2006-01-01', '0601000081', 'Casablanca', NULL, '2025-09-15', 'active'),
(368, 418, 28, 'Nour', 'Fassi', 'CNE00000082', '2006-01-01', '0601000082', 'Casablanca', NULL, '2025-09-15', 'active'),
(369, 419, 28, 'Rania', 'Alaoui', 'CNE00000083', '2006-01-01', '0601000083', 'Casablanca', NULL, '2025-09-15', 'active'),
(370, 420, 28, 'Walid', 'Saidi', 'CNE00000084', '2006-01-01', '0601000084', 'Casablanca', NULL, '2025-09-15', 'active'),
(371, 421, 28, 'Lina', 'Zerhouni', 'CNE00000085', '2006-01-01', '0601000085', 'Casablanca', NULL, '2025-09-15', 'active'),
(372, 422, 28, 'Oussama', 'ElKadi', 'CNE00000086', '2006-01-01', '0601000086', 'Casablanca', NULL, '2025-09-15', 'active'),
(373, 423, 28, 'Salma', 'Benjelloun', 'CNE00000087', '2006-01-01', '0601000087', 'Casablanca', NULL, '2025-09-15', 'active'),
(374, 424, 28, 'Hajar', 'Chraibi', 'CNE00000088', '2006-01-01', '0601000088', 'Casablanca', NULL, '2025-09-15', 'active'),
(375, 425, 28, 'Ziad', 'Tazi', 'CNE00000089', '2006-01-01', '0601000089', 'Casablanca', NULL, '2025-09-15', 'active'),
(376, 426, 28, 'Meriem', 'Bennani', 'CNE00000090', '2006-01-01', '0601000090', 'Casablanca', NULL, '2025-09-15', 'active');

-- --------------------------------------------------------

--
-- Table structure for table `subject`
--

CREATE TABLE `subject` (
  `id` int(11) NOT NULL,
  `name` varchar(100) NOT NULL,
  `code` varchar(20) NOT NULL,
  `description` longtext DEFAULT NULL,
  `coefficient` decimal(3,2) NOT NULL
) ENGINE=InnoDB DEFAULT CHARSET=utf8mb4 COLLATE=utf8mb4_unicode_ci;

--
-- Dumping data for table `subject`
--

INSERT INTO `subject` (`id`, `name`, `code`, `description`, `coefficient`) VALUES
(66, 'Analyse 1', 'AN1', 'Fixture data', 3.00),
(67, 'Algèbre 1', 'ALG1', 'Fixture data', 3.00),
(68, 'Programmation 1', 'PRG1', 'Fixture data', 4.00),
(69, 'Structures de données', 'SD1', 'Fixture data', 4.00),
(70, 'BD 1', 'BD1', 'Fixture data', 3.50),
(71, 'Réseaux 1', 'NET1', 'Fixture data', 3.00),
(72, 'Systèmes 1', 'SYS1', 'Fixture data', 3.00),
(73, 'Web 1', 'WEB1', 'Fixture data', 3.00),
(74, 'Génie logiciel', 'GL1', 'Fixture data', 3.00),
(75, 'IA 1', 'AI1', 'Fixture data', 3.00),
(76, 'Sécurité', 'SEC1', 'Fixture data', 3.00),
(77, 'DevOps', 'DVO1', 'Fixture data', 2.00),
(78, 'Maths discrètes', 'MD1', 'Fixture data', 3.00),
(79, 'Architecture', 'ARC1', 'Fixture data', 2.50),
(80, 'Python', 'PY1', 'Fixture data', 3.00),
(81, 'Projet', 'PRJ1', 'Fixture data', 4.50),
(82, 'Probabilités', 'PROB1', 'Fixture data', 3.00),
(83, 'BD 2', 'BD2', 'Fixture data', 3.50),
(84, 'Web 2', 'WEB2', 'Fixture data', 3.50),
(85, 'Réseaux 2', 'NET2', 'Fixture data', 3.00);

-- --------------------------------------------------------

--
-- Table structure for table `teacher`
--

CREATE TABLE `teacher` (
  `id` int(11) NOT NULL,
  `user_id` int(11) NOT NULL,
  `first_name` varchar(100) NOT NULL,
  `last_name` varchar(100) NOT NULL,
  `phone` varchar(20) DEFAULT NULL,
  `specialty` varchar(100) NOT NULL,
  `grade` varchar(50) NOT NULL,
  `profile_picture` varchar(255) DEFAULT NULL
) ENGINE=InnoDB DEFAULT CHARSET=utf8mb4 COLLATE=utf8mb4_unicode_ci;

--
-- Dumping data for table `teacher`
--

INSERT INTO `teacher` (`id`, `user_id`, `first_name`, `last_name`, `phone`, `specialty`, `grade`, `profile_picture`) VALUES
(36, 326, 'Yassine', 'ElAmrani', '0600000101', 'Mathématique', 'Professeur', 'uploads/profiles/6967e7927b841.jpg'),
(37, 327, 'Salma', 'Berrada', '0600000102', 'Mathématiques', 'Maître de conférences', NULL),
(38, 328, 'Omar', 'Raji', '0600000103', 'Réseaux', 'Professeur', NULL),
(39, 329, 'Hind', 'Lahlou', '0600000104', 'Base de données', 'Professeur', NULL),
(40, 330, 'Nabil', 'Sefrioui', '0600000105', 'Programmation', 'Professeur', NULL),
(41, 331, 'Imane', 'Toumi', '0600000106', 'IA', 'Professeur', NULL),
(42, 332, 'Anas', 'Mourad', '0600000107', 'Sécurité', 'Professeur', NULL),
(43, 333, 'Kawtar', 'Idrissi', '0600000108', 'Web', 'Professeur', NULL),
(44, 334, 'Mehdi', 'Bennis', '0600000109', 'Systèmes', 'Professeur', NULL),
(45, 335, 'Aya', 'Chakir', '0600000110', 'Algorithmique', 'Professeur', NULL);

-- --------------------------------------------------------

--
-- Table structure for table `teacher_subject`
--

CREATE TABLE `teacher_subject` (
  `teacher_id` int(11) NOT NULL,
  `subject_id` int(11) NOT NULL
) ENGINE=InnoDB DEFAULT CHARSET=utf8mb4 COLLATE=utf8mb4_unicode_ci;

--
-- Dumping data for table `teacher_subject`
--

INSERT INTO `teacher_subject` (`teacher_id`, `subject_id`) VALUES
(36, 66),
(36, 67),
(37, 68),
(37, 69),
(38, 70),
(38, 71),
(39, 72),
(39, 73),
(40, 74),
(40, 75),
(41, 76),
(41, 77),
(42, 78),
(42, 79),
(43, 80),
(43, 81),
(44, 82),
(44, 83),
(45, 84),
(45, 85);

-- --------------------------------------------------------

--
-- Table structure for table `user`
--

CREATE TABLE `user` (
  `id` int(11) NOT NULL,
  `email` varchar(180) NOT NULL,
  `roles` longtext CHARACTER SET utf8mb4 COLLATE utf8mb4_bin NOT NULL CHECK (json_valid(`roles`)),
  `password` varchar(255) NOT NULL,
  `created_at` datetime NOT NULL
) ENGINE=InnoDB DEFAULT CHARSET=utf8mb4 COLLATE=utf8mb4_unicode_ci;

--
-- Dumping data for table `user`
--

INSERT INTO `user` (`id`, `email`, `roles`, `password`, `created_at`) VALUES
(326, 'yassine.elamrani@campusflow.com', '[\"ROLE_TEACHER\"]', '$2y$13$C6bxAtlxbqUaOY0XFN.x0Oxo19ryKss4USFuwn8r5pINgC9CWR5Nq', '2025-01-05 09:00:00'),
(327, 'salma.berrada@campusflow.com', '[\"ROLE_TEACHER\"]', '$2y$13$fA3doy5npboFAXIJouw0BewOJ1TzwlI5q9ahPU8Ce0QJhJsDjrE3u', '2025-01-05 09:00:00'),
(328, 'omar.raji@campusflow.com', '[\"ROLE_TEACHER\"]', '$2y$13$2sch.lNmteb.GO5qL49QUuW0x3z1VjqOnhU8JfIZy7qXtsIu6.awa', '2025-01-05 09:00:00'),
(329, 'hind.lahlou@campusflow.com', '[\"ROLE_TEACHER\"]', '$2y$13$LMT696ov31KS9Hva4fWRHOLB.pWYjSoLvkuhtZgyE6iYel4pkf9W6', '2025-01-05 09:00:00'),
(330, 'nabil.sefrioui@campusflow.com', '[\"ROLE_TEACHER\"]', '$2y$13$5wg5mAFyuJ3GuPbllLv.Uu9g1RDofIkV28l9ELF2IpeK0gmE9.npW', '2025-01-05 09:00:00'),
(331, 'imane.toumi@campusflow.com', '[\"ROLE_TEACHER\"]', '$2y$13$OiS1mN/52vGs1Xb6j7D62.AAQDhNZxccHZtqeyUdszr6UzgGhrpRy', '2025-01-05 09:00:00'),
(332, 'anas.mourad@campusflow.com', '[\"ROLE_TEACHER\"]', '$2y$13$nl3JK//PRtJt29kcTl2Jse9gWVtoqW1ue20duNGA6NA/39hKqSzCu', '2025-01-05 09:00:00'),
(333, 'kawtar.idrissi@campusflow.com', '[\"ROLE_TEACHER\"]', '$2y$13$oE2qX.P0i5wU.7aRNoD66.pIMq1nvdLCFGGvle8Jf30Qp2Hc2TCiO', '2025-01-05 09:00:00'),
(334, 'mehdi.bennis@campusflow.com', '[\"ROLE_TEACHER\"]', '$2y$13$vdjpxXQzlpEkPL4MkUgdVOc8Sa8TSVOtxCDgu8FG5FjUH3vG3l62e', '2025-01-05 09:00:00'),
(335, 'aya.chakir@campusflow.com', '[\"ROLE_TEACHER\"]', '$2y$13$YwXcODARVECF0cV/n4bxTOTQ7dTpPdVqhCa6.ebV980ak0CPCBBy.', '2025-01-05 09:00:00'),
(336, 'admin.campusflow@campusflow.com', '[\"ROLE_ADMIN\"]', '$2y$13$6AKF57hftUrob1b228GJgOGhnYhGeDTE69kWFgp/7GLBPinROWtbq', '2025-01-05 09:00:00'),
(337, 'imad.amrani@campusflow.com', '[\"ROLE_STUDENT\"]', '$2y$13$syGb2ryzpAYGg78t0TwMo.MXh47lqho.JKbtykIgcgsZe8bLFc0CO', '2025-01-05 09:00:00'),
(338, 'sara.haddou2@campusflow.com', '[\"ROLE_STUDENT\"]', '$2y$13$ePGdld11sNI3lko7rH//3e5VQSxdltMBz4EeDmgoY5xxUyw4MjS4C', '2025-01-05 09:00:00'),
(339, 'yasmine.bouzid3@campusflow.com', '[\"ROLE_STUDENT\"]', '$2y$13$esQsShLLICriWHfL8ApSBe02oOlnOqBEDRa0U3XR0rtY/oZrZo.xi', '2025-01-05 09:00:00'),
(340, 'hamza.rami4@campusflow.com', '[\"ROLE_STUDENT\"]', '$2y$13$IkLKs0dJ/DOUvzCQvYqK/eO.hUFMzSwkbUePi/tv6aFx1gI2eqDGi', '2025-01-05 09:00:00'),
(341, 'aya.laziri5@campusflow.com', '[\"ROLE_STUDENT\"]', '$2y$13$PZ0cdkqbV03NYe7P719whuUi6wSmyv9TM7x6hySlCfn4Us4kp5Uy6', '2025-01-05 09:00:00'),
(342, 'ilyas.bakkali6@campusflow.com', '[\"ROLE_STUDENT\"]', '$2y$13$Bf.gvWuVDPd5n9TKSj0MnOpjCMgGJvESGHgwMwvVJPDSGlA3Nrq8m', '2025-01-05 09:00:00'),
(343, 'nour.fassi7@campusflow.com', '[\"ROLE_STUDENT\"]', '$2y$13$IsgDzoDvRMdHV3NPGyFTIO8ETiW7.fiurl4qWLt.d4kSJpu.PNQq2', '2025-01-05 09:00:00'),
(344, 'rania.alaoui8@campusflow.com', '[\"ROLE_STUDENT\"]', '$2y$13$oACY8wXkC6.//aJHJrMdXeVJvdEH9ZUJjAHZKGIPNl1hPuBaqC4g6', '2025-01-05 09:00:00'),
(345, 'walid.saidi9@campusflow.com', '[\"ROLE_STUDENT\"]', '$2y$13$eoMC.CrLnNZTQo5f3BVuVegrY6axTLzrLdFrTwq3z1RB0jLj/ymBe', '2025-01-05 09:00:00'),
(346, 'lina.zerhouni10@campusflow.com', '[\"ROLE_STUDENT\"]', '$2y$13$W9rJ7bGYoxCMyFqU9OXjy.bmVDGHPXKn/zuDE8W/MLvk3N79dDrTq', '2025-01-05 09:00:00'),
(347, 'oussama.elkadi11@campusflow.com', '[\"ROLE_STUDENT\"]', '$2y$13$6vIfHXRRp/dXcd.GR.WJou9UwZpLqgmIWHd8Qp1djfSVa4JOWjeEK', '2025-01-05 09:00:00'),
(348, 'salma.benjelloun12@campusflow.com', '[\"ROLE_STUDENT\"]', '$2y$13$UJRd4Xk7neFUmyLOQuNE.eEK17/fxdeEyqiaDiwO3vtGno61FgwFy', '2025-01-05 09:00:00'),
(349, 'hajar.chraibi13@campusflow.com', '[\"ROLE_STUDENT\"]', '$2y$13$vTYqQDQfYBAFNgtAiZkdse75ERWFi9muWKvat0w7wYq4f.MWccAHW', '2025-01-05 09:00:00'),
(350, 'ziad.tazi14@campusflow.com', '[\"ROLE_STUDENT\"]', '$2y$13$WtiPcha0geHtheC3IwEShu8DmahrjhThyOKJ/vcwErsp.FD7Ji/.G', '2025-01-05 09:00:00'),
(351, 'meriem.bennani15@campusflow.com', '[\"ROLE_STUDENT\"]', '$2y$13$Wts9YZCek9GNCDSGmsqIxeIjNzcPHmherAP7nkkyQZpQi94KUb7DS', '2025-01-05 09:00:00'),
(352, 'imad.amrani16@campusflow.com', '[\"ROLE_STUDENT\"]', '$2y$13$mGpCiAkeWYB7lRzWCCeHKOGr06AmKP94ZiCjpCG4LAwuoTYMVAcdO', '2025-01-05 09:00:00'),
(353, 'sara.haddou17@campusflow.com', '[\"ROLE_STUDENT\"]', '$2y$13$50FJyc94owbvkLR18.sN.O3kl3UvlJnCZV8oV7PgBGM/TSeWdbc3i', '2025-01-05 09:00:00'),
(354, 'yasmine.bouzid18@campusflow.com', '[\"ROLE_STUDENT\"]', '$2y$13$UgEFZqtfDakyoOe5gVjc4.kW9PBuGHsgDIr5DcwFGaOYb2uKJrlEC', '2025-01-05 09:00:00'),
(355, 'hamza.rami19@campusflow.com', '[\"ROLE_STUDENT\"]', '$2y$13$Ccx0DNcdRLlHjKZvQpPOMOfqXnWhfoT/YUPPyzRkusg2cUvR3M31S', '2025-01-05 09:00:00'),
(356, 'aya.laziri20@campusflow.com', '[\"ROLE_STUDENT\"]', '$2y$13$crZ0LS0eJicK1ngYWoJbnOJvQdMo0G1RGAvc1kgPSlR9WhLohhRzK', '2025-01-05 09:00:00'),
(357, 'ilyas.bakkali21@campusflow.com', '[\"ROLE_STUDENT\"]', '$2y$13$Ki53vwHd7qwzWjnCVBFB9OJ.ZnvNwxqVgFp4Qmitt2d6FjOcRsT6u', '2025-01-05 09:00:00'),
(358, 'nour.fassi22@campusflow.com', '[\"ROLE_STUDENT\"]', '$2y$13$xiTiV2knx1Dp/2EoQFaBeekhTlw2fIN6ZLMc2M67usG29FehXXi9W', '2025-01-05 09:00:00'),
(359, 'rania.alaoui23@campusflow.com', '[\"ROLE_STUDENT\"]', '$2y$13$cF/fW8w2OZobuV2KLpO/0OiuCE24JDPP2e.3wXKO4qr.mZS4fjuT2', '2025-01-05 09:00:00'),
(360, 'walid.saidi24@campusflow.com', '[\"ROLE_STUDENT\"]', '$2y$13$fl2tcFnvq44RhdgjOnx1auEc0iIEewlQisbU.QRaoIZZOl6Boc.qa', '2025-01-05 09:00:00'),
(361, 'lina.zerhouni25@campusflow.com', '[\"ROLE_STUDENT\"]', '$2y$13$2NSU5Ww/sQ3UraReybXYfednGSpIlcQ6Khr8WogYmVYZ5YII0/Q7u', '2025-01-05 09:00:00'),
(362, 'oussama.elkadi26@campusflow.com', '[\"ROLE_STUDENT\"]', '$2y$13$XneYaufTgHpShr9xbuU/Q.AyJu4VTDhViGZ2gG5zt1Li65NufYYIC', '2025-01-05 09:00:00'),
(363, 'salma.benjelloun27@campusflow.com', '[\"ROLE_STUDENT\"]', '$2y$13$kQ68xrOR8COF6dr5H37uu.f4z.W7pzIvVLM8Zak8AFaMs.xoQkcFi', '2025-01-05 09:00:00'),
(364, 'hajar.chraibi28@campusflow.com', '[\"ROLE_STUDENT\"]', '$2y$13$lb4o3Y4/QzodAgWfAf.nOeEt5hgkRB52TDJ0MTunCHal9FPgG4ara', '2025-01-05 09:00:00'),
(365, 'ziad.tazi29@campusflow.com', '[\"ROLE_STUDENT\"]', '$2y$13$pq9RQ2XrPtIjdWlN5mmXnu4XWdNBr2t9fmLpm/5gzzCa7nW6pDmg6', '2025-01-05 09:00:00'),
(366, 'meriem.bennani30@campusflow.com', '[\"ROLE_STUDENT\"]', '$2y$13$fS/VSMFNE6Ib4KO2MgHkK.x6Q2pU6YUFIpeZnvMTqBDxK9Mgi.xRO', '2025-01-05 09:00:00'),
(367, 'imad.amrani31@campusflow.com', '[\"ROLE_STUDENT\"]', '$2y$13$.EzevMq8B9.K02nE0S7KDeVs/AzpmHy.B/jEEtr2RcttUIKR0ncUi', '2025-01-05 09:00:00'),
(368, 'sara.haddou32@campusflow.com', '[\"ROLE_STUDENT\"]', '$2y$13$SY4aGjc8arKgvMd4bpMlpOWlnhLDcIxwnY8WFyuRvPUlkA9FNf1O2', '2025-01-05 09:00:00'),
(369, 'yasmine.bouzid33@campusflow.com', '[\"ROLE_STUDENT\"]', '$2y$13$ocGzMygSgYtluqNcCavMAuI/3syNdslsqsUNhvIvgd.DLtu5Sy60G', '2025-01-05 09:00:00'),
(370, 'hamza.rami34@campusflow.com', '[\"ROLE_STUDENT\"]', '$2y$13$3qCzXWxc3pqOVjKZRrvRVemfveZX6uJjjt8Q6xNTUHabbuQNmVWJe', '2025-01-05 09:00:00'),
(371, 'aya.laziri35@campusflow.com', '[\"ROLE_STUDENT\"]', '$2y$13$jWTh/tZF2OLNc45mu.6yB.j5TCtyYWo/RuyB5Uefanm.8Et7nfqv.', '2025-01-05 09:00:00'),
(372, 'ilyas.bakkali36@campusflow.com', '[\"ROLE_STUDENT\"]', '$2y$13$KL2r.obbsEK6.5kzpI/UFu63Opi3bBkCQG6hixZCZ3d.A32ZJQz2.', '2025-01-05 09:00:00'),
(373, 'nour.fassi37@campusflow.com', '[\"ROLE_STUDENT\"]', '$2y$13$rnIi9ral1wu9X9kJ2cMDwuMeMdIQpQMvKn8pNhw0KAW5gsiN5zPT2', '2025-01-05 09:00:00'),
(374, 'rania.alaoui38@campusflow.com', '[\"ROLE_STUDENT\"]', '$2y$13$k/7P51C8uFsuxC4R5yUfxe0U/./TF0rO2whjdPUUTNm6.xU7m69v6', '2025-01-05 09:00:00'),
(375, 'walid.saidi39@campusflow.com', '[\"ROLE_STUDENT\"]', '$2y$13$f6uhDGiUVQvs1a36xDdP0uRgVI8pg4HAqqBuuEqH8WUqb.UJNtWEm', '2025-01-05 09:00:00'),
(376, 'lina.zerhouni40@campusflow.com', '[\"ROLE_STUDENT\"]', '$2y$13$TFPGLc1hOLzi.JJ06ZhToOYWPc8TdB/eYTL9/3HNunV6nWTA1M1RK', '2025-01-05 09:00:00'),
(377, 'oussama.elkadi41@campusflow.com', '[\"ROLE_STUDENT\"]', '$2y$13$.f5MuvnSTyXyJPoJCB/0N.i6noSXmUPwL/hd.ZY1k1O55ZHZ5K97C', '2025-01-05 09:00:00'),
(378, 'salma.benjelloun42@campusflow.com', '[\"ROLE_STUDENT\"]', '$2y$13$RTwxIpdsiK/5Jbr9ZIQi4OS8hqZ3qXFjyzhU2BVE2w7PXnYIsso0S', '2025-01-05 09:00:00'),
(379, 'hajar.chraibi43@campusflow.com', '[\"ROLE_STUDENT\"]', '$2y$13$1vFg6rw1vhLSKm4ythUtqe/8bFI7WWTL/vdpQW7JYzsRY5E9gRrEO', '2025-01-05 09:00:00'),
(380, 'ziad.tazi44@campusflow.com', '[\"ROLE_STUDENT\"]', '$2y$13$74pHtYR8oOE6MxwOl6/Xx.wwuzOmqymuCme1AgkyCWRAWFzhSabCa', '2025-01-05 09:00:00'),
(381, 'meriem.bennani45@campusflow.com', '[\"ROLE_STUDENT\"]', '$2y$13$6xeHNWcEDkMGIVIj.On4z.wl5OKIqOza9lWmnCS/YyVSOwbFe/A/6', '2025-01-05 09:00:00'),
(382, 'imad.amrani46@campusflow.com', '[\"ROLE_STUDENT\"]', '$2y$13$P7YvpM50YqVpc64W9cDDw.y5f7L5MI0mRwQgccKbIxfAN0p.5yoKW', '2025-01-05 09:00:00'),
(383, 'sara.haddou47@campusflow.com', '[\"ROLE_STUDENT\"]', '$2y$13$yFNFJ7IFgNRJxTfQBq4R7.ONRZh0p/HFC0nPWZ1EkrGAZufn7QBR6', '2025-01-05 09:00:00'),
(384, 'yasmine.bouzid48@campusflow.com', '[\"ROLE_STUDENT\"]', '$2y$13$.Ceg35GfyZz0hWxhWN5dMu7Fg7hoSkJSYvRrAVzVYBz3cIAk/Hr9G', '2025-01-05 09:00:00'),
(385, 'hamza.rami49@campusflow.com', '[\"ROLE_STUDENT\"]', '$2y$13$0InGqeg46KlZsITSU2FF7ePZW/FmOpkaII3dX6evqjKHp3B8xM8yG', '2025-01-05 09:00:00'),
(386, 'aya.laziri50@campusflow.com', '[\"ROLE_STUDENT\"]', '$2y$13$z2Kvlb0mYLblHjE16riQBOBihhPVe1NqRoSuykgUAyUEnaCG/7OXi', '2025-01-05 09:00:00'),
(387, 'ilyas.bakkali51@campusflow.com', '[\"ROLE_STUDENT\"]', '$2y$13$rPkr9MBm3nDXoXfZvsVghuu13Aga4vS5Tfw5t0Sv.Vp0wmNn1Jl8G', '2025-01-05 09:00:00'),
(388, 'nour.fassi52@campusflow.com', '[\"ROLE_STUDENT\"]', '$2y$13$qS0v2V8/Pz2MR0tNBscl..jlYVFpkJZ47zIgMSnK0nreoDD4PQU4G', '2025-01-05 09:00:00'),
(389, 'rania.alaoui53@campusflow.com', '[\"ROLE_STUDENT\"]', '$2y$13$c7RXSryWK1XwY71rPMfxn.eC7rfMOS4vKlFcr4ljUd/o/pM3yV8Se', '2025-01-05 09:00:00'),
(390, 'walid.saidi54@campusflow.com', '[\"ROLE_STUDENT\"]', '$2y$13$qrUX.Z89F9p1hGZ.oG3XD.QzWULK0F2Ca77byzxbbhv/UOm6k4kCG', '2025-01-05 09:00:00'),
(391, 'lina.zerhouni55@campusflow.com', '[\"ROLE_STUDENT\"]', '$2y$13$Z2QK2sYLcyS7hOMveXGEWOn2.W.FUW/eOibEZRnDgZvcKuxLZOZyi', '2025-01-05 09:00:00'),
(392, 'oussama.elkadi56@campusflow.com', '[\"ROLE_STUDENT\"]', '$2y$13$QpIN7.ab5IQ4F.4z7PxQeONGgB7xELo2FpcRafqNivDhj7chMbUyq', '2025-01-05 09:00:00'),
(393, 'salma.benjelloun57@campusflow.com', '[\"ROLE_STUDENT\"]', '$2y$13$3q6XPPtW9Zw5MRFGCcOO3embRZPQO3RKd5gwlYuIzue94Ep.JUvxu', '2025-01-05 09:00:00'),
(394, 'hajar.chraibi58@campusflow.com', '[\"ROLE_STUDENT\"]', '$2y$13$TQRISpq4pA4I1qc/mCbk0e9A0SJucpqNMMW2qC//Q2.v3hTYHTa2S', '2025-01-05 09:00:00'),
(395, 'ziad.tazi59@campusflow.com', '[\"ROLE_STUDENT\"]', '$2y$13$DPFV8W3XkC1nJGL/LZglr..wviipeDpTpcGdlzA4yXhExfO4q9B9u', '2025-01-05 09:00:00'),
(396, 'meriem.bennani60@campusflow.com', '[\"ROLE_STUDENT\"]', '$2y$13$bM0Fk1CDFAWLLsFFnvJ41u5x233DlNxzS7syUlAXan586apg.wt4m', '2025-01-05 09:00:00'),
(397, 'imad.amrani61@campusflow.com', '[\"ROLE_STUDENT\"]', '$2y$13$KDWWc7DDeei0hMvnlId87eFwg5tNfO6.jABxK6e4v4kCPRPqaaACK', '2025-01-05 09:00:00'),
(398, 'sara.haddou62@campusflow.com', '[\"ROLE_STUDENT\"]', '$2y$13$VgzqHcExR41Kjk4cQrtDdOmED/2s5x5vbg3UrwjCZXaQ0t9YDbadO', '2025-01-05 09:00:00'),
(399, 'yasmine.bouzid63@campusflow.com', '[\"ROLE_STUDENT\"]', '$2y$13$kPLkmZlHm8ScY/WcJDSPYuPRlEfiYKN0RGQDynUTizipoaF4kKJdu', '2025-01-05 09:00:00'),
(400, 'hamza.rami64@campusflow.com', '[\"ROLE_STUDENT\"]', '$2y$13$LaC9E/E/kMlCbdkeh8NFY.k5C4dvQfVFvMG3rnX1aN11hgqOsv1Zu', '2025-01-05 09:00:00'),
(401, 'aya.laziri65@campusflow.com', '[\"ROLE_STUDENT\"]', '$2y$13$dAp9CCf8LDlI/i3kUCU9Q.begNnUh0/Ic2YTLLauDz0AmEXMos6aG', '2025-01-05 09:00:00'),
(402, 'ilyas.bakkali66@campusflow.com', '[\"ROLE_STUDENT\"]', '$2y$13$xvCVvTlcTTt25X93Z8dHxO9MrKh9yMtWMDJd7iaABvEBEXLCkgrGK', '2025-01-05 09:00:00'),
(403, 'nour.fassi67@campusflow.com', '[\"ROLE_STUDENT\"]', '$2y$13$5NZzaHGIAbVLKAG3h/3OtOGXAbPdzh5/aACwqBu2sLROD4Me3Hsbi', '2025-01-05 09:00:00'),
(404, 'rania.alaoui68@campusflow.com', '[\"ROLE_STUDENT\"]', '$2y$13$raECN.dWOQQr.Qer1YTYtea7OJe.FuOvaf7Flwyn9dBJHakRwbNrG', '2025-01-05 09:00:00'),
(405, 'walid.saidi69@campusflow.com', '[\"ROLE_STUDENT\"]', '$2y$13$HaBZ5jLSQm6rjk4J/6yPVuZDnTfCuLiZeG3WBOWzS4DzLi5.Ac3Zq', '2025-01-05 09:00:00'),
(406, 'lina.zerhouni70@campusflow.com', '[\"ROLE_STUDENT\"]', '$2y$13$WBgQAGIeSgW7Ub2thpYIZugBy4oyfwEgvXfBCNzWBz9DCQqtjIGyi', '2025-01-05 09:00:00'),
(407, 'oussama.elkadi71@campusflow.com', '[\"ROLE_STUDENT\"]', '$2y$13$Lfm5CK6QmfozEZ8gDe5YkOxIxJ6.OeLmK0XhI/6nIGr8C0uT9ReqG', '2025-01-05 09:00:00'),
(408, 'salma.benjelloun72@campusflow.com', '[\"ROLE_STUDENT\"]', '$2y$13$Cl7DWU4xHtZu7Q5.QmOdGO65z3bXGZXUfHq0RUKNM2QAoyfWemwp.', '2025-01-05 09:00:00'),
(409, 'hajar.chraibi73@campusflow.com', '[\"ROLE_STUDENT\"]', '$2y$13$Xo6VuFeIrhOQXOEY37Ia0.BiBWKEhrRJ/eIDt9ymkkfMGKYsIlFeW', '2025-01-05 09:00:00'),
(410, 'ziad.tazi74@campusflow.com', '[\"ROLE_STUDENT\"]', '$2y$13$ll0LIrhFf8fhHssdW/Yxv.msW7Q2qRJsgxaE7Zeo1G3NaJv/Xgpfy', '2025-01-05 09:00:00'),
(411, 'meriem.bennani75@campusflow.com', '[\"ROLE_STUDENT\"]', '$2y$13$jz3KnY8Xh99/ai2/m/FSzOinl1H5cCb1sOzmWVhvGMvTSznVHlZfq', '2025-01-05 09:00:00'),
(412, 'imad.amrani76@campusflow.com', '[\"ROLE_STUDENT\"]', '$2y$13$GZ20iVmJb/zBKLrYkQA0y.6kiTzBTTqIujvIvXGBcOLcR7D1DAABG', '2025-01-05 09:00:00'),
(413, 'sara.haddou77@campusflow.com', '[\"ROLE_STUDENT\"]', '$2y$13$TC.cG4mjlmYbdzSzcN4Ni.1WxjWYOUgewAiIQ/JjL1S7x9JIdpM72', '2025-01-05 09:00:00'),
(414, 'yasmine.bouzid78@campusflow.com', '[\"ROLE_STUDENT\"]', '$2y$13$zw3DdGF6wwXCIflGFlpmi.wDOuUNt9MgPIJkG5erEgKHsifcQT78i', '2025-01-05 09:00:00'),
(415, 'hamza.rami79@campusflow.com', '[\"ROLE_STUDENT\"]', '$2y$13$p1985gIRqwaMscvb0G90JOgBZ4d26zDMwhfxipohboph5QT6cBN02', '2025-01-05 09:00:00'),
(416, 'aya.laziri80@campusflow.com', '[\"ROLE_STUDENT\"]', '$2y$13$dZH/cIXQtHpD8JAsTyL3iuX4tKH.zdtlTY5fYrIt3G.b20ICwcwDe', '2025-01-05 09:00:00'),
(417, 'ilyas.bakkali81@campusflow.com', '[\"ROLE_STUDENT\"]', '$2y$13$ID699WhpDSEv5Ph2.odgQu7eDnukenxGN7yJ/eoKTZgqs7btACiL.', '2025-01-05 09:00:00'),
(418, 'nour.fassi82@campusflow.com', '[\"ROLE_STUDENT\"]', '$2y$13$xbNMFNyTUQ9Z2tDpjp0qq..L9Jyb7JMjhV1FkRMRgdqmRuxpw.bQO', '2025-01-05 09:00:00'),
(419, 'rania.alaoui83@campusflow.com', '[\"ROLE_STUDENT\"]', '$2y$13$4G9xQPUe94TKKQLJXfD.gOg7NtltPVyAvDfZHyhspl66b1lcRicsS', '2025-01-05 09:00:00'),
(420, 'walid.saidi84@campusflow.com', '[\"ROLE_STUDENT\"]', '$2y$13$B8tQYzbn/Mpa0BTHnMMtCOkkgaxDK1Gnm78vE0NxleGfmZQsHV0ZK', '2025-01-05 09:00:00'),
(421, 'lina.zerhouni85@campusflow.com', '[\"ROLE_STUDENT\"]', '$2y$13$rX3D6SI92YZeayYt6LaAVOjegU6sdhYXkT0cFEGvP0zjiwDQhUsgq', '2025-01-05 09:00:00'),
(422, 'oussama.elkadi86@campusflow.com', '[\"ROLE_STUDENT\"]', '$2y$13$g80NB29GjcMlQ4hLCmSGOOTDY47AbAu3n6SD4TnBvlAKwEgHQ.p2m', '2025-01-05 09:00:00'),
(423, 'salma.benjelloun87@campusflow.com', '[\"ROLE_STUDENT\"]', '$2y$13$PsRBH2FVEriu7XVnUrqLbOT1SmhK3mr5ZFi9Y8mnHg/cl6SCefLxy', '2025-01-05 09:00:00'),
(424, 'hajar.chraibi88@campusflow.com', '[\"ROLE_STUDENT\"]', '$2y$13$Q9vXXTnEkhwLHhsi08tXt.A9ax3gnxZyOMoIsY/OfyjbeX3AJjZh.', '2025-01-05 09:00:00'),
(425, 'ziad.tazi89@campusflow.com', '[\"ROLE_STUDENT\"]', '$2y$13$uMEfjEIV6hvFGEIVk0.ume8xs5aBxcI1jGob7hYd85HA/n/mffNnG', '2025-01-05 09:00:00'),
(426, 'meriem.bennani90@campusflow.com', '[\"ROLE_STUDENT\"]', '$2y$13$dSYK8v5IbujIaMnXU76qxe6ONOVJHoBuL7eOeiQ96BMuNmwI3cQiO', '2025-01-05 09:00:00');

--
-- Indexes for dumped tables
--

--
-- Indexes for table `classe`
--
ALTER TABLE `classe`
  ADD PRIMARY KEY (`id`),
  ADD UNIQUE KEY `UNIQ_8F87BF965E237E06` (`name`),
  ADD KEY `IDX_8F87BF9619E9AC5F` (`supervisor_id`);

--
-- Indexes for table `doctrine_migration_versions`
--
ALTER TABLE `doctrine_migration_versions`
  ADD PRIMARY KEY (`version`);

--
-- Indexes for table `grade`
--
ALTER TABLE `grade`
  ADD PRIMARY KEY (`id`),
  ADD KEY `IDX_595AAE34CB944F1A` (`student_id`),
  ADD KEY `IDX_595AAE3423EDC87` (`subject_id`),
  ADD KEY `IDX_595AAE3441807E1D` (`teacher_id`),
  ADD KEY `IDX_595AAE341F55203D` (`classe_id`);

--
-- Indexes for table `messenger_messages`
--
ALTER TABLE `messenger_messages`
  ADD PRIMARY KEY (`id`),
  ADD KEY `IDX_75EA56E0FB7336F0` (`queue_name`),
  ADD KEY `IDX_75EA56E0E3BD61CE` (`available_at`),
  ADD KEY `IDX_75EA56E016BA31DB` (`delivered_at`);

--
-- Indexes for table `schedule`
--
ALTER TABLE `schedule`
  ADD PRIMARY KEY (`id`),
  ADD KEY `IDX_5A3811FB23EDC87` (`subject_id`),
  ADD KEY `IDX_5A3811FB41807E1D` (`teacher_id`),
  ADD KEY `IDX_5A3811FB8F5EA509` (`classe_id`);

--
-- Indexes for table `student`
--
ALTER TABLE `student`
  ADD PRIMARY KEY (`id`),
  ADD UNIQUE KEY `UNIQ_B723AF3373767F95` (`cne`),
  ADD UNIQUE KEY `UNIQ_B723AF33A76ED395` (`user_id`),
  ADD KEY `IDX_B723AF338F5EA509` (`classe_id`);

--
-- Indexes for table `subject`
--
ALTER TABLE `subject`
  ADD PRIMARY KEY (`id`),
  ADD UNIQUE KEY `UNIQ_FBCE3E7A77153098` (`code`);

--
-- Indexes for table `teacher`
--
ALTER TABLE `teacher`
  ADD PRIMARY KEY (`id`),
  ADD UNIQUE KEY `UNIQ_B0F6A6D5A76ED395` (`user_id`);

--
-- Indexes for table `teacher_subject`
--
ALTER TABLE `teacher_subject`
  ADD PRIMARY KEY (`teacher_id`,`subject_id`),
  ADD KEY `IDX_360CB33B41807E1D` (`teacher_id`),
  ADD KEY `IDX_360CB33B23EDC87` (`subject_id`);

--
-- Indexes for table `user`
--
ALTER TABLE `user`
  ADD PRIMARY KEY (`id`),
  ADD UNIQUE KEY `UNIQ_IDENTIFIER_EMAIL` (`email`);

--
-- AUTO_INCREMENT for dumped tables
--

--
-- AUTO_INCREMENT for table `classe`
--
ALTER TABLE `classe`
  MODIFY `id` int(11) NOT NULL AUTO_INCREMENT, AUTO_INCREMENT=30;

--
-- AUTO_INCREMENT for table `grade`
--
ALTER TABLE `grade`
  MODIFY `id` int(11) NOT NULL AUTO_INCREMENT, AUTO_INCREMENT=2164;

--
-- AUTO_INCREMENT for table `messenger_messages`
--
ALTER TABLE `messenger_messages`
  MODIFY `id` bigint(20) NOT NULL AUTO_INCREMENT;

--
-- AUTO_INCREMENT for table `schedule`
--
ALTER TABLE `schedule`
  MODIFY `id` int(11) NOT NULL AUTO_INCREMENT, AUTO_INCREMENT=386;

--
-- AUTO_INCREMENT for table `student`
--
ALTER TABLE `student`
  MODIFY `id` int(11) NOT NULL AUTO_INCREMENT, AUTO_INCREMENT=379;

--
-- AUTO_INCREMENT for table `subject`
--
ALTER TABLE `subject`
  MODIFY `id` int(11) NOT NULL AUTO_INCREMENT, AUTO_INCREMENT=87;

--
-- AUTO_INCREMENT for table `teacher`
--
ALTER TABLE `teacher`
  MODIFY `id` int(11) NOT NULL AUTO_INCREMENT, AUTO_INCREMENT=47;

--
-- AUTO_INCREMENT for table `user`
--
ALTER TABLE `user`
  MODIFY `id` int(11) NOT NULL AUTO_INCREMENT, AUTO_INCREMENT=430;

--
-- Constraints for dumped tables
--

--
-- Constraints for table `classe`
--
ALTER TABLE `classe`
  ADD CONSTRAINT `FK_8F87BF9619E9AC5F` FOREIGN KEY (`supervisor_id`) REFERENCES `teacher` (`id`);

--
-- Constraints for table `grade`
--
ALTER TABLE `grade`
  ADD CONSTRAINT `FK_595AAE341F55203D` FOREIGN KEY (`classe_id`) REFERENCES `classe` (`id`),
  ADD CONSTRAINT `FK_595AAE3423EDC87` FOREIGN KEY (`subject_id`) REFERENCES `subject` (`id`),
  ADD CONSTRAINT `FK_595AAE3441807E1D` FOREIGN KEY (`teacher_id`) REFERENCES `teacher` (`id`),
  ADD CONSTRAINT `FK_595AAE34CB944F1A` FOREIGN KEY (`student_id`) REFERENCES `student` (`id`);

--
-- Constraints for table `schedule`
--
ALTER TABLE `schedule`
  ADD CONSTRAINT `FK_5A3811FB23EDC87` FOREIGN KEY (`subject_id`) REFERENCES `subject` (`id`),
  ADD CONSTRAINT `FK_5A3811FB41807E1D` FOREIGN KEY (`teacher_id`) REFERENCES `teacher` (`id`),
  ADD CONSTRAINT `FK_5A3811FB8F5EA509` FOREIGN KEY (`classe_id`) REFERENCES `classe` (`id`);

--
-- Constraints for table `student`
--
ALTER TABLE `student`
  ADD CONSTRAINT `FK_B723AF338F5EA509` FOREIGN KEY (`classe_id`) REFERENCES `classe` (`id`),
  ADD CONSTRAINT `FK_B723AF33A76ED395` FOREIGN KEY (`user_id`) REFERENCES `user` (`id`);

--
-- Constraints for table `teacher`
--
ALTER TABLE `teacher`
  ADD CONSTRAINT `FK_B0F6A6D5A76ED395` FOREIGN KEY (`user_id`) REFERENCES `user` (`id`);

--
-- Constraints for table `teacher_subject`
--
ALTER TABLE `teacher_subject`
  ADD CONSTRAINT `FK_360CB33B23EDC87` FOREIGN KEY (`subject_id`) REFERENCES `subject` (`id`) ON DELETE CASCADE,
  ADD CONSTRAINT `FK_360CB33B41807E1D` FOREIGN KEY (`teacher_id`) REFERENCES `teacher` (`id`) ON DELETE CASCADE;
COMMIT;

/*!40101 SET CHARACTER_SET_CLIENT=@OLD_CHARACTER_SET_CLIENT */;
/*!40101 SET CHARACTER_SET_RESULTS=@OLD_CHARACTER_SET_RESULTS */;
/*!40101 SET COLLATION_CONNECTION=@OLD_COLLATION_CONNECTION */;
